season,batch_index,artifact,status,games_requested,successful_games,failed_games,total_common_games,start_index,stop_index
2006-07,0,treb-fanout-2006-0,REPAIR_REQUIRED,100,95,5,1230,0,100
2006-07,1,treb-fanout-2006-1,REPAIR_REQUIRED,100,94,6,1230,100,200
2006-07,2,treb-fanout-2006-2,REPAIR_REQUIRED,100,95,5,1230,200,300
2006-07,3,treb-fanout-2006-3,REPAIR_REQUIRED,100,96,4,1230,300,400
2006-07,4,treb-fanout-2006-4,REPAIR_REQUIRED,100,94,6,1230,400,500
2006-07,5,treb-fanout-2006-5,REPAIR_REQUIRED,100,96,4,1230,500,600
2006-07,6,treb-fanout-2006-6,REPAIR_REQUIRED,100,96,4,1230,600,700
2006-07,7,treb-fanout-2006-7,REPAIR_REQUIRED,100,96,4,1230,700,800
2006-07,8,treb-fanout-2006-8,REPAIR_REQUIRED,100,93,7,1230,800,900
2006-07,9,treb-fanout-2006-9,REPAIR_REQUIRED,100,95,5,1230,900,1000
2006-07,10,treb-fanout-2006-10,REPAIR_REQUIRED,100,94,6,1230,1000,1100
2006-07,11,treb-fanout-2006-11,REPAIR_REQUIRED,100,96,4,1230,1100,1200
2006-07,12,treb-fanout-2006-12,REPAIR_REQUIRED,30,29,1,1230,1200,1230
2007-08,0,treb-fanout-2007-0,REPAIR_REQUIRED,100,98,2,1230,0,100
2007-08,1,treb-fanout-2007-1,REPAIR_REQUIRED,100,97,3,1230,100,200
2007-08,2,treb-fanout-2007-2,REPAIR_REQUIRED,100,97,3,1230,200,300
2007-08,3,treb-fanout-2007-3,REPAIR_REQUIRED,100,93,7,1230,300,400
2007-08,4,treb-fanout-2007-4,REPAIR_REQUIRED,100,95,5,1230,400,500
2007-08,5,treb-fanout-2007-5,REPAIR_REQUIRED,100,95,5,1230,500,600
2007-08,6,treb-fanout-2007-6,REPAIR_REQUIRED,100,97,3,1230,600,700
2007-08,7,treb-fanout-2007-7,REPAIR_REQUIRED,100,94,6,1230,700,800
2007-08,8,treb-fanout-2007-8,REPAIR_REQUIRED,100,94,6,1230,800,900
2007-08,9,treb-fanout-2007-9,REPAIR_REQUIRED,100,98,2,1230,900,1000
2007-08,10,treb-fanout-2007-10,REPAIR_REQUIRED,100,97,3,1230,1000,1100
2007-08,11,treb-fanout-2007-11,REPAIR_REQUIRED,100,96,4,1230,1100,1200
2007-08,12,treb-fanout-2007-12,REPAIR_REQUIRED,30,29,1,1230,1200,1230
2008-09,0,treb-fanout-2008-0,REPAIR_REQUIRED,100,97,3,1230,0,100
2008-09,1,treb-fanout-2008-1,REPAIR_REQUIRED,100,98,2,1230,100,200
2008-09,2,treb-fanout-2008-2,REPAIR_REQUIRED,100,97,3,1230,200,300
2008-09,3,treb-fanout-2008-3,REPAIR_REQUIRED,100,97,3,1230,300,400
2008-09,4,treb-fanout-2008-4,REPAIR_REQUIRED,100,88,12,1230,400,500
2008-09,5,treb-fanout-2008-5,REPAIR_REQUIRED,100,95,5,1230,500,600
2008-09,6,treb-fanout-2008-6,REPAIR_REQUIRED,100,91,9,1230,600,700
2008-09,7,treb-fanout-2008-7,REPAIR_REQUIRED,100,94,6,1230,700,800
2008-09,8,treb-fanout-2008-8,REPAIR_REQUIRED,100,95,5,1230,800,900
2008-09,9,treb-fanout-2008-9,REPAIR_REQUIRED,100,98,2,1230,900,1000
2008-09,10,treb-fanout-2008-10,REPAIR_REQUIRED,100,98,2,1230,1000,1100
2008-09,11,treb-fanout-2008-11,REPAIR_REQUIRED,100,93,7,1230,1100,1200
2008-09,12,treb-fanout-2008-12,REPAIR_REQUIRED,30,28,2,1230,1200,1230
2009-10,0,treb-fanout-2009-0,REPAIR_REQUIRED,100,98,2,1229,0,100
2009-10,1,treb-fanout-2009-1,REPAIR_REQUIRED,100,98,2,1229,100,200
2009-10,2,treb-fanout-2009-2,REPAIR_REQUIRED,100,97,3,1229,200,300
2009-10,3,treb-fanout-2009-3,REPAIR_REQUIRED,100,95,5,1229,300,400
2009-10,4,treb-fanout-2009-4,REPAIR_REQUIRED,100,96,4,1229,400,500
2009-10,5,treb-fanout-2009-5,REPAIR_REQUIRED,100,97,3,1229,500,600
2009-10,6,treb-fanout-2009-6,REPAIR_REQUIRED,100,99,1,1229,600,700
2009-10,7,treb-fanout-2009-7,REPAIR_REQUIRED,100,97,3,1229,700,800
2009-10,8,treb-fanout-2009-8,REPAIR_REQUIRED,100,97,3,1229,800,900
2009-10,9,treb-fanout-2009-9,REPAIR_REQUIRED,100,94,6,1229,900,1000
2009-10,10,treb-fanout-2009-10,REPAIR_REQUIRED,100,95,5,1229,1000,1100
2009-10,11,treb-fanout-2009-11,REPAIR_REQUIRED,100,96,4,1229,1100,1200
2009-10,12,treb-fanout-2009-12,REPAIR_REQUIRED,29,25,4,1229,1200,1229
2010-11,0,treb-fanout-2010-0,REPAIR_REQUIRED,100,95,5,1230,0,100
2010-11,1,treb-fanout-2010-1,REPAIR_REQUIRED,100,98,2,1230,100,200
2010-11,2,treb-fanout-2010-2,REPAIR_REQUIRED,100,96,4,1230,200,300
2010-11,3,treb-fanout-2010-3,REPAIR_REQUIRED,100,95,5,1230,300,400
2010-11,4,treb-fanout-2010-4,REPAIR_REQUIRED,100,94,6,1230,400,500
2010-11,5,treb-fanout-2010-5,REPAIR_REQUIRED,100,97,3,1230,500,600
2010-11,6,treb-fanout-2010-6,REPAIR_REQUIRED,100,93,7,1230,600,700
2010-11,7,treb-fanout-2010-7,REPAIR_REQUIRED,100,98,2,1230,700,800
2010-11,8,treb-fanout-2010-8,REPAIR_REQUIRED,100,98,2,1230,800,900
2010-11,9,treb-fanout-2010-9,REPAIR_REQUIRED,100,97,3,1230,900,1000
2010-11,10,treb-fanout-2010-10,REPAIR_REQUIRED,100,96,4,1230,1000,1100
2010-11,11,treb-fanout-2010-11,REPAIR_REQUIRED,100,99,1,1230,1100,1200
2010-11,12,treb-fanout-2010-12,REPAIR_REQUIRED,30,29,1,1230,1200,1230
2011-12,0,treb-fanout-2011-0,REPAIR_REQUIRED,100,96,4,990,0,100
2011-12,1,treb-fanout-2011-1,REPAIR_REQUIRED,100,95,5,990,100,200
2011-12,2,treb-fanout-2011-2,REPAIR_REQUIRED,100,96,4,990,200,300
2011-12,3,treb-fanout-2011-3,PASS,100,100,0,990,300,400
2011-12,4,treb-fanout-2011-4,REPAIR_REQUIRED,100,95,5,990,400,500
2011-12,5,treb-fanout-2011-5,REPAIR_REQUIRED,100,97,3,990,500,600
2011-12,6,treb-fanout-2011-6,REPAIR_REQUIRED,100,97,3,990,600,700
2011-12,7,treb-fanout-2011-7,REPAIR_REQUIRED,100,96,4,990,700,800
2011-12,8,treb-fanout-2011-8,REPAIR_REQUIRED,100,97,3,990,800,900
2011-12,9,treb-fanout-2011-9,REPAIR_REQUIRED,90,89,1,990,900,990
2012-13,0,treb-fanout-2012-0,REPAIR_REQUIRED,100,97,3,1213,0,100
2012-13,1,treb-fanout-2012-1,REPAIR_REQUIRED,100,97,3,1213,100,200
2012-13,2,treb-fanout-2012-2,REPAIR_REQUIRED,100,95,5,1213,200,300
2012-13,3,treb-fanout-2012-3,REPAIR_REQUIRED,100,98,2,1213,300,400
2012-13,4,treb-fanout-2012-4,PASS,100,100,0,1213,400,500
2012-13,5,treb-fanout-2012-5,REPAIR_REQUIRED,100,95,5,1213,500,600
2012-13,6,treb-fanout-2012-6,REPAIR_REQUIRED,100,96,4,1213,600,700
2012-13,7,treb-fanout-2012-7,REPAIR_REQUIRED,100,96,4,1213,700,800
2012-13,8,treb-fanout-2012-8,REPAIR_REQUIRED,100,93,7,1213,800,900
2012-13,9,treb-fanout-2012-9,REPAIR_REQUIRED,100,96,4,1213,900,1000
2012-13,10,treb-fanout-2012-10,PASS,100,100,0,1213,1000,1100
2012-13,11,treb-fanout-2012-11,REPAIR_REQUIRED,100,96,4,1213,1100,1200
2012-13,12,treb-fanout-2012-12,PASS,13,13,0,1213,1200,1213
2013-14,0,treb-fanout-2013-0,REPAIR_REQUIRED,100,98,2,1230,0,100
2013-14,1,treb-fanout-2013-1,REPAIR_REQUIRED,100,95,5,1230,100,200
2013-14,2,treb-fanout-2013-2,REPAIR_REQUIRED,100,93,7,1230,200,300
2013-14,3,treb-fanout-2013-3,REPAIR_REQUIRED,100,95,5,1230,300,400
2013-14,4,treb-fanout-2013-4,REPAIR_REQUIRED,100,91,9,1230,400,500
2013-14,5,treb-fanout-2013-5,REPAIR_REQUIRED,100,97,3,1230,500,600
2013-14,6,treb-fanout-2013-6,REPAIR_REQUIRED,100,99,1,1230,600,700
2013-14,7,treb-fanout-2013-7,REPAIR_REQUIRED,100,98,2,1230,700,800
2013-14,8,treb-fanout-2013-8,REPAIR_REQUIRED,100,96,4,1230,800,900
2013-14,9,treb-fanout-2013-9,REPAIR_REQUIRED,100,94,6,1230,900,1000
2013-14,10,treb-fanout-2013-10,REPAIR_REQUIRED,100,97,3,1230,1000,1100
2013-14,11,treb-fanout-2013-11,REPAIR_REQUIRED,100,95,5,1230,1100,1200
2013-14,12,treb-fanout-2013-12,PASS,30,30,0,1230,1200,1230
2014-15,0,treb-fanout-2014-0,REPAIR_REQUIRED,100,97,3,1230,0,100
2014-15,1,treb-fanout-2014-1,REPAIR_REQUIRED,100,95,5,1230,100,200
2014-15,2,treb-fanout-2014-2,REPAIR_REQUIRED,100,96,4,1230,200,300
2014-15,3,treb-fanout-2014-3,REPAIR_REQUIRED,100,94,6,1230,300,400
2014-15,4,treb-fanout-2014-4,REPAIR_REQUIRED,100,96,4,1230,400,500
2014-15,5,treb-fanout-2014-5,REPAIR_REQUIRED,100,94,6,1230,500,600
2014-15,6,treb-fanout-2014-6,REPAIR_REQUIRED,100,99,1,1230,600,700
2014-15,7,treb-fanout-2014-7,REPAIR_REQUIRED,100,97,3,1230,700,800
2014-15,8,treb-fanout-2014-8,REPAIR_REQUIRED,100,90,10,1230,800,900
2014-15,9,treb-fanout-2014-9,REPAIR_REQUIRED,100,97,3,1230,900,1000
2014-15,10,treb-fanout-2014-10,REPAIR_REQUIRED,100,95,5,1230,1000,1100
2014-15,11,treb-fanout-2014-11,PASS,100,100,0,1230,1100,1200
2014-15,12,treb-fanout-2014-12,PASS,30,30,0,1230,1200,1230
2015-16,0,treb-fanout-2015-0,REPAIR_REQUIRED,100,95,5,1230,0,100
2015-16,1,treb-fanout-2015-1,REPAIR_REQUIRED,100,97,3,1230,100,200
2015-16,2,treb-fanout-2015-2,REPAIR_REQUIRED,100,93,7,1230,200,300
2015-16,3,treb-fanout-2015-3,REPAIR_REQUIRED,100,96,4,1230,300,400
2015-16,4,treb-fanout-2015-4,REPAIR_REQUIRED,100,95,5,1230,400,500
2015-16,5,treb-fanout-2015-5,REPAIR_REQUIRED,100,97,3,1230,500,600
2015-16,6,treb-fanout-2015-6,REPAIR_REQUIRED,100,94,6,1230,600,700
2015-16,7,treb-fanout-2015-7,REPAIR_REQUIRED,100,97,3,1230,700,800
2015-16,8,treb-fanout-2015-8,REPAIR_REQUIRED,100,98,2,1230,800,900
2015-16,9,treb-fanout-2015-9,REPAIR_REQUIRED,100,95,5,1230,900,1000
2015-16,10,treb-fanout-2015-10,REPAIR_REQUIRED,100,99,1,1230,1000,1100
2015-16,11,treb-fanout-2015-11,REPAIR_REQUIRED,100,91,9,1230,1100,1200
2015-16,12,treb-fanout-2015-12,PASS,30,30,0,1230,1200,1230
2016-17,0,treb-fanout-2016-0,REPAIR_REQUIRED,100,98,2,1230,0,100
2016-17,1,treb-fanout-2016-1,REPAIR_REQUIRED,100,96,4,1230,100,200
2016-17,2,treb-fanout-2016-2,REPAIR_REQUIRED,100,95,5,1230,200,300
2016-17,3,treb-fanout-2016-3,REPAIR_REQUIRED,100,96,4,1230,300,400
2016-17,4,treb-fanout-2016-4,REPAIR_REQUIRED,100,95,5,1230,400,500
2016-17,5,treb-fanout-2016-5,REPAIR_REQUIRED,100,96,4,1230,500,600
2016-17,6,treb-fanout-2016-6,REPAIR_REQUIRED,100,96,4,1230,600,700
2016-17,7,treb-fanout-2016-7,REPAIR_REQUIRED,100,97,3,1230,700,800
2016-17,8,treb-fanout-2016-8,PASS,100,100,0,1230,800,900
2016-17,9,treb-fanout-2016-9,REPAIR_REQUIRED,100,99,1,1230,900,1000
2016-17,10,treb-fanout-2016-10,REPAIR_REQUIRED,100,98,2,1230,1000,1100
2016-17,11,treb-fanout-2016-11,REPAIR_REQUIRED,100,95,5,1230,1100,1200
2016-17,12,treb-fanout-2016-12,PASS,30,30,0,1230,1200,1230
2017-18,0,treb-fanout-2017-0,REPAIR_REQUIRED,100,78,22,1230,0,100
2017-18,1,treb-fanout-2017-1,REPAIR_REQUIRED,100,83,17,1230,100,200
2017-18,2,treb-fanout-2017-2,REPAIR_REQUIRED,100,86,14,1230,200,300
2017-18,3,treb-fanout-2017-3,REPAIR_REQUIRED,100,90,10,1230,300,400
2017-18,4,treb-fanout-2017-4,REPAIR_REQUIRED,100,96,4,1230,400,500
2017-18,5,treb-fanout-2017-5,REPAIR_REQUIRED,100,90,10,1230,500,600
2017-18,6,treb-fanout-2017-6,REPAIR_REQUIRED,100,95,5,1230,600,700
2017-18,7,treb-fanout-2017-7,REPAIR_REQUIRED,100,94,6,1230,700,800
2017-18,8,treb-fanout-2017-8,REPAIR_REQUIRED,100,90,10,1230,800,900
2017-18,9,treb-fanout-2017-9,REPAIR_REQUIRED,100,94,6,1230,900,1000
2017-18,10,treb-fanout-2017-10,REPAIR_REQUIRED,100,97,3,1230,1000,1100
2017-18,11,treb-fanout-2017-11,REPAIR_REQUIRED,100,94,6,1230,1100,1200
2017-18,12,treb-fanout-2017-12,REPAIR_REQUIRED,30,28,2,1230,1200,1230
2018-19,0,treb-fanout-2018-0,REPAIR_REQUIRED,100,94,6,1230,0,100
2018-19,1,treb-fanout-2018-1,REPAIR_REQUIRED,100,92,8,1230,100,200
2018-19,2,treb-fanout-2018-2,REPAIR_REQUIRED,100,95,5,1230,200,300
2018-19,3,treb-fanout-2018-3,REPAIR_REQUIRED,100,85,15,1230,300,400
2018-19,4,treb-fanout-2018-4,REPAIR_REQUIRED,100,97,3,1230,400,500
2018-19,5,treb-fanout-2018-5,REPAIR_REQUIRED,100,90,10,1230,500,600
2018-19,6,treb-fanout-2018-6,REPAIR_REQUIRED,100,92,8,1230,600,700
2018-19,7,treb-fanout-2018-7,REPAIR_REQUIRED,100,96,4,1230,700,800
2018-19,8,treb-fanout-2018-8,REPAIR_REQUIRED,100,94,6,1230,800,900
2018-19,9,treb-fanout-2018-9,REPAIR_REQUIRED,100,95,5,1230,900,1000
2018-19,10,treb-fanout-2018-10,REPAIR_REQUIRED,100,94,6,1230,1000,1100
2018-19,11,treb-fanout-2018-11,REPAIR_REQUIRED,100,95,5,1230,1100,1200
2018-19,12,treb-fanout-2018-12,REPAIR_REQUIRED,30,28,2,1230,1200,1230
2019-20,0,treb-fanout-2019-0,REPAIR_REQUIRED,100,94,6,1056,0,100
2019-20,1,treb-fanout-2019-1,REPAIR_REQUIRED,100,94,6,1056,100,200
2019-20,2,treb-fanout-2019-2,REPAIR_REQUIRED,100,97,3,1056,200,300
2019-20,3,treb-fanout-2019-3,REPAIR_REQUIRED,100,95,5,1056,300,400
2019-20,4,treb-fanout-2019-4,REPAIR_REQUIRED,100,93,7,1056,400,500
2019-20,5,treb-fanout-2019-5,REPAIR_REQUIRED,100,96,4,1056,500,600
2019-20,6,treb-fanout-2019-6,REPAIR_REQUIRED,100,94,6,1056,600,700
2019-20,7,treb-fanout-2019-7,REPAIR_REQUIRED,100,97,3,1056,700,800
2019-20,8,treb-fanout-2019-8,REPAIR_REQUIRED,100,93,7,1056,800,900
2019-20,9,treb-fanout-2019-9,REPAIR_REQUIRED,100,98,2,1056,900,1000
2019-20,10,treb-fanout-2019-10,REPAIR_REQUIRED,56,54,2,1056,1000,1056
2020-21,0,treb-fanout-2020-0,REPAIR_REQUIRED,100,93,7,1080,0,100
2020-21,1,treb-fanout-2020-1,REPAIR_REQUIRED,100,96,4,1080,100,200
2020-21,2,treb-fanout-2020-2,REPAIR_REQUIRED,100,95,5,1080,200,300
2020-21,3,treb-fanout-2020-3,REPAIR_REQUIRED,100,96,4,1080,300,400
2020-21,4,treb-fanout-2020-4,REPAIR_REQUIRED,100,94,6,1080,400,500
2020-21,5,treb-fanout-2020-5,REPAIR_REQUIRED,100,97,3,1080,500,600
2020-21,6,treb-fanout-2020-6,REPAIR_REQUIRED,100,92,8,1080,600,700
2020-21,7,treb-fanout-2020-7,REPAIR_REQUIRED,100,97,3,1080,700,800
2020-21,8,treb-fanout-2020-8,REPAIR_REQUIRED,100,98,2,1080,800,900
2020-21,9,treb-fanout-2020-9,REPAIR_REQUIRED,100,94,6,1080,900,1000
2020-21,10,treb-fanout-2020-10,REPAIR_REQUIRED,80,76,4,1080,1000,1080
2021-22,0,treb-fanout-2021-0,REPAIR_REQUIRED,100,97,3,1230,0,100
2021-22,1,treb-fanout-2021-1,REPAIR_REQUIRED,100,94,6,1230,100,200
2021-22,2,treb-fanout-2021-2,REPAIR_REQUIRED,100,91,9,1230,200,300
2021-22,3,treb-fanout-2021-3,REPAIR_REQUIRED,100,93,7,1230,300,400
2021-22,4,treb-fanout-2021-4,REPAIR_REQUIRED,100,94,6,1230,400,500
2021-22,5,treb-fanout-2021-5,REPAIR_REQUIRED,100,96,4,1230,500,600
2021-22,6,treb-fanout-2021-6,REPAIR_REQUIRED,100,96,4,1230,600,700
2021-22,7,treb-fanout-2021-7,REPAIR_REQUIRED,100,92,8,1230,700,800
2021-22,8,treb-fanout-2021-8,REPAIR_REQUIRED,100,95,5,1230,800,900
2021-22,9,treb-fanout-2021-9,REPAIR_REQUIRED,100,90,10,1230,900,1000
2021-22,10,treb-fanout-2021-10,REPAIR_REQUIRED,100,87,13,1230,1000,1100
2021-22,11,treb-fanout-2021-11,REPAIR_REQUIRED,100,92,8,1230,1100,1200
2021-22,12,treb-fanout-2021-12,REPAIR_REQUIRED,30,29,1,1230,1200,1230
2022-23,0,treb-fanout-2022-0,REPAIR_REQUIRED,100,92,8,1230,0,100
2022-23,1,treb-fanout-2022-1,REPAIR_REQUIRED,100,94,6,1230,100,200
2022-23,2,treb-fanout-2022-2,REPAIR_REQUIRED,100,90,10,1230,200,300
2022-23,3,treb-fanout-2022-3,REPAIR_REQUIRED,100,88,12,1230,300,400
2022-23,4,treb-fanout-2022-4,REPAIR_REQUIRED,100,93,7,1230,400,500
2022-23,5,treb-fanout-2022-5,REPAIR_REQUIRED,100,90,10,1230,500,600
2022-23,6,treb-fanout-2022-6,REPAIR_REQUIRED,100,92,8,1230,600,700
2022-23,7,treb-fanout-2022-7,REPAIR_REQUIRED,100,90,10,1230,700,800
2022-23,8,treb-fanout-2022-8,REPAIR_REQUIRED,100,94,6,1230,800,900
2022-23,9,treb-fanout-2022-9,REPAIR_REQUIRED,100,96,4,1230,900,1000
2022-23,10,treb-fanout-2022-10,REPAIR_REQUIRED,100,92,8,1230,1000,1100
2022-23,11,treb-fanout-2022-11,REPAIR_REQUIRED,100,90,10,1230,1100,1200
2022-23,12,treb-fanout-2022-12,REPAIR_REQUIRED,30,28,2,1230,1200,1230
2023-24,0,treb-fanout-2023-0,REPAIR_REQUIRED,100,96,4,1228,0,100
2023-24,1,treb-fanout-2023-1,REPAIR_REQUIRED,100,94,6,1228,100,200
2023-24,2,treb-fanout-2023-2,REPAIR_REQUIRED,100,92,8,1228,200,300
2023-24,3,treb-fanout-2023-3,REPAIR_REQUIRED,100,97,3,1228,300,400
2023-24,4,treb-fanout-2023-4,REPAIR_REQUIRED,100,98,2,1228,400,500
2023-24,5,treb-fanout-2023-5,REPAIR_REQUIRED,100,97,3,1228,500,600
2023-24,6,treb-fanout-2023-6,REPAIR_REQUIRED,100,96,4,1228,600,700
2023-24,7,treb-fanout-2023-7,REPAIR_REQUIRED,100,97,3,1228,700,800
2023-24,8,treb-fanout-2023-8,REPAIR_REQUIRED,100,95,5,1228,800,900
2023-24,9,treb-fanout-2023-9,REPAIR_REQUIRED,100,97,3,1228,900,1000
2023-24,10,treb-fanout-2023-10,REPAIR_REQUIRED,100,95,5,1228,1000,1100
2023-24,11,treb-fanout-2023-11,REPAIR_REQUIRED,100,94,6,1228,1100,1200
2023-24,12,treb-fanout-2023-12,REPAIR_REQUIRED,28,27,1,1228,1200,1228
2024-25,0,treb-fanout-2024-0,REPAIR_REQUIRED,100,93,7,1230,0,100
2024-25,1,treb-fanout-2024-1,REPAIR_REQUIRED,100,97,3,1230,100,200
2024-25,2,treb-fanout-2024-2,REPAIR_REQUIRED,100,91,9,1230,200,300
2024-25,3,treb-fanout-2024-3,REPAIR_REQUIRED,100,92,8,1230,300,400
2024-25,4,treb-fanout-2024-4,REPAIR_REQUIRED,100,94,6,1230,400,500
2024-25,5,treb-fanout-2024-5,REPAIR_REQUIRED,100,94,6,1230,500,600
2024-25,6,treb-fanout-2024-6,REPAIR_REQUIRED,100,97,3,1230,600,700
2024-25,7,treb-fanout-2024-7,REPAIR_REQUIRED,100,94,6,1230,700,800
2024-25,8,treb-fanout-2024-8,REPAIR_REQUIRED,100,95,5,1230,800,900
2024-25,9,treb-fanout-2024-9,REPAIR_REQUIRED,100,93,7,1230,900,1000
2024-25,10,treb-fanout-2024-10,REPAIR_REQUIRED,100,97,3,1230,1000,1100
2024-25,11,treb-fanout-2024-11,REPAIR_REQUIRED,100,98,2,1230,1100,1200
2024-25,12,treb-fanout-2024-12,REPAIR_REQUIRED,30,27,3,1230,1200,1230
