source,origin,rows_seen,mapped_residual_keys,evidence_classes
run_31637129009__artifact_9157402941__treb-counter-audit-2021-L02-31637129009.zip::COUNTER_2021-L02.json,actions_artifact,10,0,"{""diagnostic_or_control"": 10}"
run_31637129009__artifact_9157403935__treb-counter-audit-2022-H04-31637129009.zip::COUNTER_2022-H04.json,actions_artifact,10,0,"{""diagnostic_or_control"": 10}"
run_31637129009__artifact_9157404652__treb-counter-audit-2021-L01-31637129009.zip::COUNTER_2021-L01.json,actions_artifact,10,0,"{""diagnostic_or_control"": 10}"
run_31637129009__artifact_9157405285__treb-counter-audit-2008-L01-31637129009.zip::COUNTER_2008-L01.json,actions_artifact,10,0,"{""diagnostic_or_control"": 10}"
run_31637129009__artifact_9157405605__treb-counter-audit-2018-L02-31637129009.zip::COUNTER_2018-L02.json,actions_artifact,10,0,"{""diagnostic_or_control"": 10}"
run_31637129009__artifact_9157405693__treb-counter-audit-2022-L03-31637129009.zip::COUNTER_2022-L03.json,actions_artifact,10,0,"{""diagnostic_or_control"": 10}"
run_31637129009__artifact_9157406493__treb-counter-audit-2022-L01-31637129009.zip::COUNTER_2022-L01.json,actions_artifact,24,0,"{""diagnostic_or_control"": 24}"
run_31637129009__artifact_9157406827__treb-counter-audit-2017-L01-31637129009.zip::COUNTER_2017-L01.json,actions_artifact,10,0,"{""diagnostic_or_control"": 10}"
run_31637129009__artifact_9157407364__treb-counter-audit-2017-L06-31637129009.zip::COUNTER_2017-L06.json,actions_artifact,22,0,"{""diagnostic_or_control"": 22}"
run_31637129009__artifact_9157407447__treb-counter-audit-2019-L01-31637129009.zip::COUNTER_2019-L01.json,actions_artifact,22,0,"{""diagnostic_or_control"": 22}"
run_31637129009__artifact_9157407526__treb-counter-audit-2017-L03-31637129009.zip::COUNTER_2017-L03.json,actions_artifact,34,0,"{""diagnostic_or_control"": 34}"
run_31637129009__artifact_9157407640__treb-counter-audit-2018-L01-31637129009.zip::COUNTER_2018-L01.json,actions_artifact,22,0,"{""diagnostic_or_control"": 22}"
run_31637129009__artifact_9157407700__treb-counter-audit-2017-L04-31637129009.zip::COUNTER_2017-L04.json,actions_artifact,10,0,"{""diagnostic_or_control"": 10}"
run_31637129009__artifact_9157408165__treb-counter-audit-2022-L02-31637129009.zip::COUNTER_2022-L02.json,actions_artifact,36,0,"{""diagnostic_or_control"": 36}"
run_31637129009__artifact_9157409522__treb-counter-audit-2010-L01-31637129009.zip::COUNTER_2010-L01.json,actions_artifact,22,0,"{""diagnostic_or_control"": 22}"
run_31637129009__artifact_9157409776__treb-counter-audit-2022-H02-31637129009.zip::COUNTER_2022-H02.json,actions_artifact,10,0,"{""diagnostic_or_control"": 10}"
run_31637129009__artifact_9157409971__treb-counter-audit-2022-H03-31637129009.zip::COUNTER_2022-H03.json,actions_artifact,22,0,"{""diagnostic_or_control"": 22}"
run_31637129009__artifact_9157410788__treb-counter-audit-2017-L05-31637129009.zip::COUNTER_2017-L05.json,actions_artifact,22,0,"{""diagnostic_or_control"": 22}"
run_31637129009__artifact_9157412789__treb-counter-audit-2022-H01-31637129009.zip::COUNTER_2022-H01.json,actions_artifact,10,0,"{""diagnostic_or_control"": 10}"
run_31637129009__artifact_9157414246__treb-counter-audit-2017-L02-31637129009.zip::COUNTER_2017-L02.json,actions_artifact,34,0,"{""diagnostic_or_control"": 34}"
run_31637129009__artifact_9157415368__treb-counter-audit-2022-H05-31637129009.zip::COUNTER_2022-H05.json,actions_artifact,10,0,"{""diagnostic_or_control"": 10}"
run_31637129009__artifact_9157419327__treb-counter-audit-2022-H07-31637129009.zip::COUNTER_2022-H07.json,actions_artifact,22,0,"{""diagnostic_or_control"": 22}"
run_31637129009__artifact_9157419785__treb-counter-audit-2022-H06-31637129009.zip::COUNTER_2022-H06.json,actions_artifact,10,0,"{""diagnostic_or_control"": 10}"
run_31637129009__artifact_9157420863__treb-counter-audit-2024-L01-31637129009.zip::COUNTER_2024-L01.json,actions_artifact,22,0,"{""diagnostic_or_control"": 22}"
run_31637129009__artifact_9157429668__treb-counter-order-audit-summary-31637129009.zip::COUNTER_ORDER_AUDIT_SUMMARY.json,actions_artifact,194,0,"{""diagnostic_or_control"": 194}"
run_31656553237__artifact_9164591246__treb-rebound-forensic-cache-v2-31656553237.zip::REBOUND_FORENSIC_FEATURE_CACHE_V2.json,actions_artifact,76518,0,"{""diagnostic_or_control"": 76518}"
run_31656553237__artifact_9164591246__treb-rebound-forensic-cache-v2-31656553237.zip::REBOUND_FORENSIC_FEATURE_CACHE_V2_SUMMARY.json,actions_artifact,1,0,"{""diagnostic_or_control"": 1}"
run_31656553237__artifact_9164591246__treb-rebound-forensic-cache-v2-31656553237.zip::REBOUND_CACHED_RULE_SWEEP_V2.json,actions_artifact,13,0,"{""diagnostic_or_control"": 13}"
run_31657564349__artifact_9164943603__treb-v13-aggregate-recovery-31657564349.zip::V13_PROMOTION_REGRESSION.json,actions_artifact,43,0,"{""provenance_or_other"": 43}"
run_31666990243__artifact_9168287624__exact-game-union-coverage-31666990243.zip::EXACT_GAME_UNION_COVERAGE.json,actions_artifact,25,0,"{""provenance_or_other"": 25}"
team_trb_all_players/final_integrity_rebuild/final_exact_release/EXACT_GAME_UNION_COVERAGE.json,committed_repository,25,0,"{""provenance_or_other"": 25}"
team_trb_all_players/final_integrity_rebuild/final_exact_release/FULLCORE_EXACT_SCOPE_DIAGNOSTIC_V2.json,committed_repository,29,0,"{""diagnostic_or_control"": 29}"
team_trb_all_players/final_integrity_rebuild/final_exact_release/FULLCORE_EXACT_SOURCE_MANIFEST_V3.json,committed_repository,893,200,"{""provenance_or_other"": 893}"
team_trb_all_players/final_integrity_rebuild/final_exact_release/FULL_CORE_TOTAL_COUNT_AUDIT.json,committed_repository,38,0,"{""diagnostic_or_control"": 38}"
team_trb_all_players/final_integrity_rebuild/final_exact_release/TARGETED_MISSING_EXACT_GAMES.json,committed_repository,29,0,"{""provenance_or_other"": 29}"
team_trb_all_players/final_integrity_rebuild/final_exact_release/TREB_FINAL_UNIVERSE_DIAGNOSTIC.json,committed_repository,24,0,"{""diagnostic_or_control"": 24}"
team_trb_all_players/final_integrity_rebuild/final_exact_release/locked_segment_mapping/LOCKED_SEGMENT_AGGREGATION_KEYS.csv,committed_repository,282,0,"{""provenance_or_other"": 282}"
team_trb_all_players/final_integrity_rebuild/final_exact_release/locked_segment_mapping/LOCKED_SEGMENT_CANONICAL_MAPPING.csv,committed_repository,14524,4602,"{""provenance_or_other"": 14524}"
team_trb_all_players/final_integrity_rebuild/final_exact_release/locked_segment_mapping/LOCKED_SEGMENT_CANONICAL_MAPPING_SUMMARY.json,committed_repository,7,0,"{""diagnostic_or_control"": 7}"
team_trb_all_players/final_integrity_rebuild/final_exact_release/locked_segment_mapping/LOCKED_SEGMENT_UNMATCHED_SOURCE.csv,committed_repository,0,0,{}
team_trb_all_players/final_integrity_rebuild/final_exact_release/safe_lock_overlay/CANONICAL_UNRESOLVED_AFTER_SAFE_LOCK.csv,committed_repository,4602,4602,"{""exact_canonical_accumulator"": 4602}"
team_trb_all_players/final_integrity_rebuild/final_exact_release/safe_lock_overlay/SAFE_LOCK_CANONICAL_OVERLAY.csv,committed_repository,14524,4602,"{""exact_canonical_accumulator"": 14524}"
team_trb_all_players/final_integrity_rebuild/final_exact_release/safe_lock_overlay/SAFE_LOCK_INVALID_NUMERIC_KEYS.csv,committed_repository,13,0,"{""exact_canonical_accumulator"": 13}"
team_trb_all_players/final_integrity_rebuild/final_exact_release/safe_lock_overlay/SAFE_LOCK_OLDER_LOCKED_OVERLAP_COMPARISON.csv,committed_repository,4612,0,"{""exact_canonical_accumulator"": 4612}"
team_trb_all_players/final_integrity_rebuild/final_exact_release/safe_lock_overlay/SAFE_LOCK_OVERLAY_SUMMARY.json,committed_repository,26,0,"{""diagnostic_or_control"": 26}"
team_trb_all_players/final_integrity_rebuild/final_exact_release/safe_lock_overlay/SAFE_LOCK_SEASON_MANIFEST.csv,committed_repository,25,0,"{""provenance_or_other"": 25}"
team_trb_all_players/final_integrity_rebuild/final_exact_release/source_overlay_mapping/CANONICAL_EXACT_SOURCE_OVERLAY_MAPPING.csv,committed_repository,14524,4602,"{""provenance_or_other"": 14524}"
team_trb_all_players/final_integrity_rebuild/final_exact_release/source_overlay_mapping/CANONICAL_EXACT_SOURCE_OVERLAY_SUMMARY.json,committed_repository,3,0,"{""diagnostic_or_control"": 3}"
team_trb_all_players/final_integrity_rebuild/final_exact_release/source_overlay_mapping/CANONICAL_UNRESOLVED_AFTER_EXACT_OVERLAY.csv,committed_repository,4602,4602,"{""provenance_or_other"": 4602}"
team_trb_all_players/final_integrity_rebuild/final_exact_release/source_overlay_mapping/EXACT_SOURCE_MANIFEST.csv,committed_repository,656,0,"{""provenance_or_other"": 656}"
team_trb_all_players/final_integrity_rebuild/rebound_forensics/ATTRIBUTION_INVARIANCE_SUMMARY.json,committed_repository,246,0,"{""diagnostic_or_control"": 246}"
team_trb_all_players/final_integrity_rebuild/rebound_forensics/BRACKET_TEAM_PREFIX_SUMMARY.json,committed_repository,2,0,"{""diagnostic_or_control"": 2}"
team_trb_all_players/final_integrity_rebuild/rebound_forensics/CHUNKED_REBOUND_MANIFEST.json,committed_repository,26,0,"{""diagnostic_or_control"": 26}"
team_trb_all_players/final_integrity_rebuild/rebound_forensics/COUNTER_ORDER_AUDIT_SUMMARY.json,committed_repository,194,0,"{""diagnostic_or_control"": 194}"
team_trb_all_players/final_integrity_rebuild/rebound_forensics/COUNTER_TEAM_TRUTH_SUMMARY.json,committed_repository,17,0,"{""diagnostic_or_control"": 17}"
team_trb_all_players/final_integrity_rebuild/rebound_forensics/DIRECT_PLAYER_IDENTITY_SUMMARY.json,committed_repository,79,0,"{""diagnostic_or_control"": 79}"
team_trb_all_players/final_integrity_rebuild/rebound_forensics/DIRECT_TEAM_IDENTITY_SUMMARY.json,committed_repository,229,0,"{""diagnostic_or_control"": 229}"
team_trb_all_players/final_integrity_rebuild/rebound_forensics/DIRECT_TEAM_REBOUND_REPAIRS.json,committed_repository,51,0,"{""deterministic_repair_or_repair_evidence"": 51}"
team_trb_all_players/final_integrity_rebuild/rebound_forensics/DUAL_ANCHOR_IMPACT_SUMMARY.json,committed_repository,82,0,"{""diagnostic_or_control"": 82}"
team_trb_all_players/final_integrity_rebuild/rebound_forensics/ENDPOINT_LINEUP_SUMMARY.json,committed_repository,79,0,"{""diagnostic_or_control"": 79}"
team_trb_all_players/final_integrity_rebuild/rebound_forensics/EXACT_MISS_NEXT_REBOUND_SUMMARY.json,committed_repository,2253,0,"{""diagnostic_or_control"": 2253}"
team_trb_all_players/final_integrity_rebuild/rebound_forensics/EXACT_PLAYER_SHOT_ANCHOR_SUMMARY.json,committed_repository,89,0,"{""diagnostic_or_control"": 89}"
team_trb_all_players/final_integrity_rebuild/rebound_forensics/JOIN_IDENTITY_CENSUS_SUMMARY.json,committed_repository,11,0,"{""diagnostic_or_control"": 11}"
team_trb_all_players/final_integrity_rebuild/rebound_forensics/JOIN_IDENTITY_THREE_CONTROL_SUMMARY.json,committed_repository,407,0,"{""diagnostic_or_control"": 407}"
team_trb_all_players/final_integrity_rebuild/rebound_forensics/ORDER_PRESERVING_REBOUND_REPAIRS.json,committed_repository,34,0,"{""deterministic_repair_or_repair_evidence"": 34}"
team_trb_all_players/final_integrity_rebuild/rebound_forensics/PLAYER_DREB_ANCHOR_SUMMARY.json,committed_repository,100,0,"{""diagnostic_or_control"": 100}"
team_trb_all_players/final_integrity_rebuild/rebound_forensics/PLAYER_DREB_ANCHOR_V2_SUMMARY.json,committed_repository,100,0,"{""diagnostic_or_control"": 100}"
team_trb_all_players/final_integrity_rebuild/rebound_forensics/PRIOR_MISS_LINEUP_SUMMARY.json,committed_repository,88,0,"{""diagnostic_or_control"": 88}"
team_trb_all_players/final_integrity_rebuild/rebound_forensics/REBOUND_ACTION_IDENTITY_2025.json,committed_repository,95,0,"{""diagnostic_or_control"": 27, ""team_game_fact"": 68}"
team_trb_all_players/final_integrity_rebuild/rebound_forensics/REBOUND_CACHED_RULE_SWEEP_V2.json,committed_repository,13,0,"{""diagnostic_or_control"": 13}"
team_trb_all_players/final_integrity_rebuild/rebound_forensics/REBOUND_DISCREPANCY_CONTEXT_2025.json,committed_repository,282,0,"{""diagnostic_or_control"": 24, ""team_game_fact"": 258}"
team_trb_all_players/final_integrity_rebuild/rebound_forensics/REBOUND_FORENSICS_CHUNKED_SUMMARY.json,committed_repository,806,0,"{""diagnostic_or_control"": 806}"
team_trb_all_players/final_integrity_rebuild/rebound_forensics/REBOUND_FORENSICS_PROMOTION_CANDIDATES.json,committed_repository,1,0,"{""diagnostic_or_control"": 1}"
team_trb_all_players/final_integrity_rebuild/rebound_forensics/REBOUND_FORENSICS_V3_SUMMARY.json,committed_repository,633,0,"{""diagnostic_or_control"": 633}"
team_trb_all_players/final_integrity_rebuild/rebound_forensics/REBOUND_FORENSIC_FEATURE_CACHE_V2.json,committed_repository,76518,0,"{""diagnostic_or_control"": 76518}"
team_trb_all_players/final_integrity_rebuild/rebound_forensics/REBOUND_FORENSIC_FEATURE_CACHE_V2_SUMMARY.json,committed_repository,1,0,"{""diagnostic_or_control"": 1}"
team_trb_all_players/final_integrity_rebuild/rebound_forensics/REBOUND_RECONCILIATION_2025.json,committed_repository,114,17,"{""diagnostic_or_control"": 62, ""player_game_fact"": 52}"
team_trb_all_players/final_integrity_rebuild/rebound_forensics/REBOUND_SEMANTICS_2025_V2.json,committed_repository,63,0,"{""diagnostic_or_control"": 15, ""team_game_fact"": 48}"
team_trb_all_players/final_integrity_rebuild/rebound_forensics/TEAM_KIND_ANCHOR_SUMMARY.json,committed_repository,89,0,"{""diagnostic_or_control"": 89}"
team_trb_all_players/final_integrity_rebuild/rebound_forensics/V10_TEAM_ANCHOR_AUDIT.json,committed_repository,774,0,"{""diagnostic_or_control"": 774}"
team_trb_all_players/final_integrity_rebuild/rebound_forensics/V11_BRACKET_SIDE_AUDIT.json,committed_repository,16,0,"{""diagnostic_or_control"": 16}"
team_trb_all_players/final_integrity_rebuild/rebound_forensics/V12_PROMOTION_REGRESSION.json,committed_repository,4,0,"{""diagnostic_or_control"": 4}"
team_trb_all_players/final_integrity_rebuild/rebound_forensics/V12_SABONIS_DREB_REPAIR.json,committed_repository,7,0,"{""deterministic_repair_or_repair_evidence"": 7}"
team_trb_all_players/final_integrity_rebuild/rebound_forensics/V13_NEARBY_PLAYER_REBOUND_AUDIT.json,committed_repository,5,0,"{""diagnostic_or_control"": 5}"
team_trb_all_players/final_integrity_rebuild/rebound_forensics/V13_NEARBY_PLAYER_REBOUND_REPAIR.json,committed_repository,5,0,"{""deterministic_repair_or_repair_evidence"": 5}"
team_trb_all_players/final_integrity_rebuild/rebound_forensics/V13_PROMOTION_REGRESSION.json,committed_repository,4,0,"{""diagnostic_or_control"": 4}"
team_trb_all_players/final_integrity_rebuild/rebound_forensics/V13_RESIDUAL_MATERIALITY_RECOVERY.csv,committed_repository,13,0,"{""diagnostic_or_control"": 13}"
team_trb_all_players/final_integrity_rebuild/rebound_forensics/V13_RESIDUAL_MATERIALITY_RECOVERY.json,committed_repository,16,0,"{""diagnostic_or_control"": 16}"
team_trb_all_players/final_integrity_rebuild/rebound_forensics/V14_GSW_TEAM_REBOUND_DIAGNOSTIC.json,committed_repository,1,0,"{""diagnostic_or_control"": 1}"
team_trb_all_players/final_integrity_rebuild/rebound_forensics/V4_REBOUND_TAIL_SUMMARY.json,committed_repository,26,0,"{""diagnostic_or_control"": 26}"
team_trb_all_players/final_integrity_rebuild/rebound_forensics/V5_DIRECT_TEAM_REGRESSION_SUMMARY.json,committed_repository,28,0,"{""diagnostic_or_control"": 28}"
team_trb_all_players/final_integrity_rebuild/rebound_forensics/V5_SOURCE_ONLY_SUMMARY.json,committed_repository,1003,0,"{""diagnostic_or_control"": 1003}"
team_trb_all_players/final_integrity_rebuild/rebound_forensics/V6_SOURCE_ONLY_PLAYER_REPAIRS.json,committed_repository,8,0,"{""deterministic_repair_or_repair_evidence"": 8}"
team_trb_all_players/final_integrity_rebuild/rebound_forensics/V6_SOURCE_ONLY_REGRESSION.json,committed_repository,64,0,"{""diagnostic_or_control"": 64}"
team_trb_all_players/final_integrity_rebuild/rebound_forensics/V7_NAMED_PLAYER_LINEUP_AUDIT.json,committed_repository,3,0,"{""diagnostic_or_control"": 3}"
team_trb_all_players/final_integrity_rebuild/rebound_forensics/V7_NAMED_PLAYER_REPAIR.json,committed_repository,2,0,"{""deterministic_repair_or_repair_evidence"": 2}"
team_trb_all_players/final_integrity_rebuild/rebound_forensics/V7_REGRESSION.json,committed_repository,61,0,"{""diagnostic_or_control"": 61}"
team_trb_all_players/final_integrity_rebuild/rebound_forensics/V8B_PROMOTION_REGRESSION.json,committed_repository,52,0,"{""diagnostic_or_control"": 52}"
team_trb_all_players/final_integrity_rebuild/rebound_forensics/V8B_STRICT_NAMED_AUDIT.json,committed_repository,22,0,"{""diagnostic_or_control"": 22}"
team_trb_all_players/final_integrity_rebuild/rebound_forensics/V8B_STRICT_NAMED_REPAIR.json,committed_repository,10,0,"{""deterministic_repair_or_repair_evidence"": 10}"
team_trb_all_players/final_integrity_rebuild/rebound_forensics/V8_NAMED_CONSENSUS_AUDIT.json,committed_repository,20,0,"{""diagnostic_or_control"": 20}"
team_trb_all_players/final_integrity_rebuild/rebound_forensics/V9_DREB_ENDPOINT_AUDIT.json,committed_repository,8,0,"{""diagnostic_or_control"": 8}"
team_trb_all_players/final_integrity_rebuild/rebound_forensics/V9_DREB_ENDPOINT_REPAIR.json,committed_repository,6,0,"{""deterministic_repair_or_repair_evidence"": 6}"
team_trb_all_players/final_integrity_rebuild/rebound_forensics/V9_PROMOTION_REGRESSION.json,committed_repository,49,0,"{""diagnostic_or_control"": 49}"
team_trb_all_players/final_integrity_rebuild/rebound_forensics/ZERO_IMPACT_NONLIVE_SUMMARY.json,committed_repository,104,0,"{""diagnostic_or_control"": 104}"
