A	.github/workflows/treb-2019-source-gap-wide-inventory.yml
A	.github/workflows/treb-2019-v3-clock-normalization-canary.yml
A	.github/workflows/treb-2019-v3-only-gap-canary.yml
A	.github/workflows/treb-2019-v3-shotdetail-bridge-canary.yml
A	.github/workflows/treb-23-key-reconciliation.yml
A	.github/workflows/treb-23-key-repairability.yml
A	.github/workflows/treb-canonical-career-population-audit.yml
A	.github/workflows/treb-combined-23-key-overlay.yml
A	.github/workflows/treb-core-checkpoint-raw-rebound-audit.yml
A	.github/workflows/treb-corrected-full-overlay-release-v2.yml
A	.github/workflows/treb-corrected-full-overlay-release.yml
A	.github/workflows/treb-direct-totals-proof-v2.yml
A	.github/workflows/treb-direct-totals-proof-v3.yml
A	.github/workflows/treb-direct-totals-proof-v4.yml
A	.github/workflows/treb-direct-transport-canary.yml
A	.github/workflows/treb-final-direct-complement-production.yml
A	.github/workflows/treb-final-exact-production-assembly.yml
A	.github/workflows/treb-final-fast-production.yml
A	.github/workflows/treb-final-materiality-aware-production.yml
A	.github/workflows/treb-final-release-assembler-repair.yml
A	.github/workflows/treb-final14-evidence-recovery.yml
A	.github/workflows/treb-final14-exact-reconstruct.yml
A	.github/workflows/treb-final14-source-triage.yml
A	.github/workflows/treb-final9-targeted-evidence.yml
A	.github/workflows/treb-onoff-subtraction-proof.yml
A	.github/workflows/treb-opponent-rebound-stat-name-probe.yml
A	.github/workflows/treb-production-assembler-input-discovery.yml
A	.github/workflows/treb-raw-rebound-count-coverage-audit.yml
A	.github/workflows/treb-release-lineage-repair-inventory.yml
A	.github/workflows/treb-repo-wide-direct-treb-source-scan.yml
A	.github/workflows/treb-retained-core-source-audit.yml
A	.github/workflows/treb-retained-fullcore-recovery-fixed.yml
A	.github/workflows/treb-retained-fullcore-recovery-v2.yml
A	.github/workflows/treb-retained-fullcore-recovery.yml
A	.github/workflows/treb-retained-onoff-rebound-accumulator-audit.yml
A	.github/workflows/treb-stage2-metric-name-diagnostic.yml
A	.github/workflows/treb-targeted-10-key-repair.yml
A	.github/workflows/treb-targeted-23-key-repair.yml
A	.github/workflows/treb-totalreboundpct-exact-validation.yml
A	.github/workflows/treb_strict40_exact26_materialize.yml
A	team_trb_all_players/audit_retained_onoff_rebound_accumulators.py
A	team_trb_all_players/audit_treb_direct_totals_proof_v2.py
A	team_trb_all_players/audit_treb_onoff_subtraction_proof.py
A	team_trb_all_players/collect_direct_fullcore_treb.py
A	team_trb_all_players/final_integrity_rebuild/canonical_10_key_targeted_repair/TARGETED_10_REPAIR_REPORT.json
A	team_trb_all_players/final_integrity_rebuild/canonical_10_key_targeted_repair/diagnostics.csv
A	team_trb_all_players/final_integrity_rebuild/canonical_10_key_targeted_repair/targeted_10_metric_overlay.jsonl.gz
A	team_trb_all_players/final_integrity_rebuild/canonical_23_key_combined_overlay/COMBINED_23_CANONICAL_GATE.json
A	team_trb_all_players/final_integrity_rebuild/canonical_23_key_combined_overlay/README.md
A	team_trb_all_players/final_integrity_rebuild/canonical_23_key_combined_overlay/solved_13_rebuild_diagnostics.json
A	team_trb_all_players/final_integrity_rebuild/canonical_23_key_combined_overlay/targeted_23_metric_overlay.jsonl.gz
A	team_trb_all_players/final_integrity_rebuild/canonical_23_key_reconciliation/README.md
A	team_trb_all_players/final_integrity_rebuild/canonical_23_key_reconciliation/missing_23_keys.csv
A	team_trb_all_players/final_integrity_rebuild/canonical_23_key_reconciliation/reconciliation_report.json
A	team_trb_all_players/final_integrity_rebuild/canonical_23_key_reconciliation/stage2_extra_76_keys.csv
A	team_trb_all_players/final_integrity_rebuild/canonical_23_key_repair/README.md
A	team_trb_all_players/final_integrity_rebuild/canonical_23_key_repair/TARGETED_23_KEY_REPAIR_REPORT.json
A	team_trb_all_players/final_integrity_rebuild/canonical_23_key_repair/targeted_23_key_diagnostics.csv
A	team_trb_all_players/final_integrity_rebuild/canonical_23_key_repair/targeted_23_key_metric_overlay.jsonl.gz
A	team_trb_all_players/final_integrity_rebuild/canonical_23_key_repairability/README.md
A	team_trb_all_players/final_integrity_rebuild/canonical_23_key_repairability/repairability_23_keys.csv
A	team_trb_all_players/final_integrity_rebuild/canonical_23_key_repairability/repairability_report.json
A	team_trb_all_players/final_integrity_rebuild/canonical_23_key_targeted_repair/repair_diagnostic.json
A	team_trb_all_players/final_integrity_rebuild/release_lineage_repair_inventory/base__TREB_final_database_2000-01_to_2025-26.zip.sha256
A	team_trb_all_players/final_integrity_rebuild/release_lineage_repair_inventory/base_artifact_download.sha256
A	team_trb_all_players/final_integrity_rebuild/release_lineage_repair_inventory/base_release_inventory.txt
A	team_trb_all_players/final_integrity_rebuild/release_lineage_repair_inventory/progress.txt
A	team_trb_all_players/final_integrity_rebuild/retained_fullcore_recovery_v2/exact_candidates.json
A	team_trb_all_players/final_integrity_rebuild/stage2_metric_name_diagnostic/STAGE2_METRIC_NAMES.json
A	team_trb_all_players/finalize_complete_treb_release.py
A	team_trb_all_players/finalize_treb_full_89_database_v2.py
A	team_trb_all_players/impact_database/2019_source_gap_wide_inventory/INVENTORY.json
A	team_trb_all_players/impact_database/2019_v3_clock_normalization_canary/QA.json
A	team_trb_all_players/impact_database/2019_v3_only_gap_canary/QA.json
A	team_trb_all_players/impact_database/2019_v3_shotdetail_bridge/STRUCTURAL_CANARY.json
A	team_trb_all_players/impact_database/final14_evidence_recovery/FINAL14_EVIDENCE_INVENTORY.json
A	team_trb_all_players/impact_database/final14_exact_reconstruction/QA.json
A	team_trb_all_players/impact_database/final14_exact_reconstruction/failures.json
A	team_trb_all_players/impact_database/final14_exact_reconstruction/game_audit.json
A	team_trb_all_players/impact_database/final14_exact_reconstruction/player_game_treb_on.csv.gz
A	team_trb_all_players/impact_database/final14_exact_reconstruction/team_game_treb.csv.gz
A	team_trb_all_players/impact_database/final14_source_triage/FINAL14_SOURCE_TRIAGE.json
A	team_trb_all_players/impact_database/final9_targeted_evidence/FAILED6_PERIOD_EVIDENCE.json
A	team_trb_all_players/impact_database/final9_targeted_evidence/QA.json
A	team_trb_all_players/impact_database/final9_targeted_evidence/SOURCE_GAP_2019_EVIDENCE.json
A	team_trb_all_players/impact_database/final_exact_exclusion_recovery/MATERIALIZATION_QA.json
A	team_trb_all_players/impact_database/final_exact_exclusion_recovery/exact_26_player_game_treb_on.csv
A	team_trb_all_players/impact_database/final_exact_exclusion_recovery/exact_26_source_manifest.json
A	team_trb_all_players/impact_database/final_exact_exclusion_recovery/exact_26_team_game_treb.csv
A	team_trb_all_players/impact_database/final_exact_exclusion_recovery/remaining_14_unresolved.json
A	team_trb_all_players/impact_database/final_exact_production_discovery/ASSEMBLER_INPUT_DISCOVERY.json
A	team_trb_all_players/impact_database/final_release_repair/FINAL_RELEASE_REPAIR.json
A	team_trb_all_players/impact_database/final_release_repair/candidate_00_help.txt
A	team_trb_all_players/impact_database/final_release_repair/candidate_01_help.txt
A	team_trb_all_players/impact_database/final_release_repair/candidate_02_help.txt
A	team_trb_all_players/impact_database/final_release_repair/candidate_03_help.txt
A	team_trb_all_players/impact_database/final_release_repair/candidate_04_help.txt
A	team_trb_all_players/impact_database/final_release_repair/candidate_05_help.txt
A	team_trb_all_players/impact_database/final_release_repair/candidate_07_help.txt
A	team_trb_all_players/impact_database/final_release_repair/candidate_08_help.txt
A	team_trb_all_players/impact_database/final_release_repair/release_attempts.json
A	team_trb_all_players/impact_database/final_release_repair/release_candidates.json
A	treb_automation/status/AUTOFINISH_V2_LATEST.json
A	treb_automation/status/AUTOFINISH_V2_LATEST.md
A	treb_automation/status/RAW_REBOUND_COUNT_AUDIT_NOTE.txt
A	treb_automation/status/RAW_REBOUND_COUNT_AUDIT_TRIGGER.txt
A	treb_automation/status/RETAINED_CORE_SOURCE_AUDIT_LATEST.json
A	treb_automation/status/RETAINED_CORE_SOURCE_AUDIT_LATEST.md
