2026-08-14T07:42:22Z	9211673158	217198541	TREB-final-database-2000-01-to-2025-26	31780434242	9d6e963412d88e78e4a25c874af95fe010930df8
2026-08-14T07:42:27Z	9211675066	9952	TREB-cached-release-v2-diagnostics-31780434242	31780434242	9d6e963412d88e78e4a25c874af95fe010930df8
2026-08-14T07:56:40Z	9212008601	416	treb-canonical-career-population-04c484548ed3232a09a3077be196170cc0ce2e8b	31781890609	04c484548ed3232a09a3077be196170cc0ce2e8b
2026-08-14T09:20:50Z	9214138475	8825	treb-strict40-exact26-materialized-31787668704	31787668704	c27bc0fed7ff8ab22e4f9768b61321b977ecf5ba
2026-08-14T09:34:54Z	9214525513	379	treb-final14-evidence-31788658263	31788658263	8af4da8d01fb061eb832e19b8a4b400cc14bb4d9
2026-08-14T09:58:19Z	9215159844	1533	treb-final14-source-triage-31790151111	31790151111	945d3a4cb1a1771b0a890cbad5c69fb093ddbcd5
2026-08-14T10:14:03Z	9215586746	18834	TREB-retained-core-source-audit-31791347902	31791347902	0ac3450c16335c43f6a383f5cf44e43cfbb82890
2026-08-14T10:17:58Z	9215689858	6715	treb-final14-exact-31791501163	31791501163	b2db19031173a1f8ba25925f214fb11bee7d155c
2026-08-14T10:43:56Z	9216368980	1118	TREB-raw-rebound-count-coverage-audit	31793357411	ae30b650b064e8de52dfd7b18d83e9c74d1a7fcd
2026-08-14T10:47:36Z	9216462321	8000	TREB-retained-onoff-rebound-accumulator-audit	31793595244	c7f53dd6e5f20a2016f80922fa08b380ffec42f7
2026-08-14T10:48:14Z	9216478843	8000	TREB-retained-onoff-rebound-accumulator-audit	31793615881	fef0becbac93d4d2bb991e49d2e4ae093d5e3ae3
2026-08-14T10:56:41Z	9216690549	9310	TREB-onoff-subtraction-proof	31794190920	2484dcd046c280c76995dff1fa27d0748b3d1909
2026-08-14T11:05:36Z	9216918845	10427	TREB-direct-totals-proof-v4	31794784356	ce13fc45c1cbe4d5eb656203970b748fc0092ff3
2026-08-14T11:06:04Z	9216930112	10427	TREB-direct-totals-proof-v4	31794810366	c1191a82090c6c904267239a3daaed2491ed2cfd
2026-08-14T11:09:51Z	9217028071	2178	TREB-core-raw-rebound-audit	31795080418	410636ccda3e89ec14e0e924143f175a0846c9bf
2026-08-14T11:10:16Z	9217038893	2178	TREB-core-raw-rebound-audit	31795105728	c25ea8553c8b61265f614ef53901e2ad11515a28
2026-08-14T11:26:30Z	9217458149	133967	treb-final9-targeted-evidence-31796124754	31796124754	a38debf57ba1dc2b5c1072882312fb52f85d926d
2026-08-14T12:55:21Z	9219779902	1242	treb-2019-v3-only-gap-canary-31802357972	31802357972	690aeac9e2b34c4ee55f66c8474066322c7482d8
2026-08-14T13:20:26Z	9220488089	758	treb-2019-source-gap-wide-31804181291	31804181291	8483858891608d06d008220ca44690cabad0103e
2026-08-14T13:56:15Z	9221579330	1242	treb-2019-v3-only-gap-canary-31807016879	31807016879	65e0cc3c1d6e61bee1e3c6d2e6ac9a387f243039
2026-08-14T14:18:32Z	9222268935	3845	treb-2019-v3-shotdetail-bridge-31808812886	31808812886	12d919519f1c6ffb3b3538549ed878b5a6941b29
2026-08-14T14:50:50Z	9223300011	3007	treb-2019-v3-only-gap-canary-31811492776	31811492776	a06bd3e4b122d980f3bfd92eee60aa88b5a4a550
2026-08-14T15:21:16Z	9224263891	1602	treb-2019-v3-shotdetail-bridge-31814013190	31814013190	747ed390e7a2c99b955444000203d6cd6848ec4f
2026-08-14T15:56:55Z	9225388978	695	treb-2019-v3-clock-normalization-31816939303	31816939303	ab583e26a8675922719751827630b0668b62ef69
2026-08-14T17:18:31Z	9227825746	1003866	TREB-repo-wide-direct-source-scan	31822701497	8f198fac3620b95875874382cb8e928dbd87c353
2026-08-14T17:27:23Z	9228083921	1001622	TREB-repo-wide-direct-source-scan	31822739385	28da5ffd1cb2bb7480db97c6072ad8601e44c52a
2026-08-14T18:24:38Z	9229738413	57104	TREB-totalreboundpct-exact-validation	31827331329	95765366c37d74795431582ef0bd9cf4bcd0d900
2026-08-14T18:37:17Z	9230103534	2184	TREB-opponent-rebound-stat-name-probe	31829326988	c7eea18643935e6e2e39c6fb38792a8c568c8fd3
2026-08-14T19:03:48Z	9230858409	1985779	TREB-final-exact-production-assembly	31831489765	d3ab9062c85610433825726db77017be90c28699
2026-08-14T19:32:48Z	9231667465	19195	TREB-production-assembler-input-discovery	31832585007	e4a94c968e9871a6c75fc67ef1e337dbf355d1fa
2026-08-14T19:59:09Z	9232404543	5855	TREB-final-release-assembler-repair	31835611662	c7f4571b09539d52adcbe07bf8ac566db789ab99
2026-08-14T20:36:21Z	9233432894	4802	TREB-23-key-reconciliation-31838635436	31838635436	22f4fca4597eeaca81a6dbf9c57bd0c84c38f89b
2026-08-14T20:50:21Z	9233794888	17971	TREB-targeted-23-key-repair-31839492082	31839492082	95311ee45661b31f4bf061aee82bedaca9c818bf
2026-08-14T20:56:07Z	9233941204	2096	TREB-targeted-23-key-repair-31839960924	31839960924	183369da0902afac6158834af6af2d4cd82e0a53
2026-08-14T21:01:37Z	9234079094	14781	TREB-targeted-10-key-repair-31840464916	31840464916	488dbaba0883c3e55055584081954c3c23cf521e
2026-08-14T21:07:34Z	9234231192	31093	TREB-combined-23-key-overlay-31840898369	31840898369	8ab2099a755ad8a3091ae082fe3a13a0b204782e
2026-08-14T22:03:13Z	9235584755	14739283	TREB-prepared-canonical-layers-31844978593	31844978593	7717401496b15aa62f169dad0782ea53357ba0bc
2026-08-14T22:44:37Z	9236491460	6930	TREB-direct-treb-2016-31844978593	31844978593	7717401496b15aa62f169dad0782ea53357ba0bc
2026-08-14T22:44:38Z	9236492109	6840	TREB-direct-treb-2018-31844978593	31844978593	7717401496b15aa62f169dad0782ea53357ba0bc
2026-08-14T22:44:38Z	9236492094	7306	TREB-direct-treb-2017-31844978593	31844978593	7717401496b15aa62f169dad0782ea53357ba0bc
2026-08-14T22:44:38Z	9236492064	7266	TREB-direct-treb-2020-31844978593	31844978593	7717401496b15aa62f169dad0782ea53357ba0bc
2026-08-14T22:44:38Z	9236491803	7336	TREB-direct-treb-2019-31844978593	31844978593	7717401496b15aa62f169dad0782ea53357ba0bc
2026-08-14T22:44:39Z	9236492506	6977	TREB-direct-treb-2021-31844978593	31844978593	7717401496b15aa62f169dad0782ea53357ba0bc
2026-08-14T22:44:40Z	9236492868	7148	TREB-direct-treb-2022-31844978593	31844978593	7717401496b15aa62f169dad0782ea53357ba0bc
2026-08-14T22:44:41Z	9236493090	7474	TREB-direct-treb-2023-31844978593	31844978593	7717401496b15aa62f169dad0782ea53357ba0bc
2026-08-14T22:46:33Z	9236532600	7536	TREB-direct-treb-2024-31844978593	31844978593	7717401496b15aa62f169dad0782ea53357ba0bc
2026-08-14T22:46:34Z	9236532950	7490	TREB-direct-treb-2025-31844978593	31844978593	7717401496b15aa62f169dad0782ea53357ba0bc
2026-08-14T22:46:59Z	9236541605	70782	TREB-direct-complement-failure-31844978593	31844978593	7717401496b15aa62f169dad0782ea53357ba0bc
2026-08-14T22:58:31Z	9236769150	702	TREB-direct-transport-canary-31848587317	31848587317	9094bfe3ad198354a0ef1f40a998bef188d98eca
2026-08-15T00:00:01Z	9237863067	1485	TREB-retained-fullcore-recovery-v2-31852137496	31852137496	3567d8ef2c163d786e6ccb0df101d416983b9f07
