season,source_type,ref,file,rows
2002-03,historical_exact_batch,refs/remotes/origin/treb-game-facts-2002-batch-000,team_game_treb,188
2002-03,historical_exact_batch,refs/remotes/origin/treb-game-facts-2002-batch-000,player_game_treb_on,1898
2002-03,historical_exact_batch,refs/remotes/origin/treb-game-facts-2002-batch-001,team_game_treb,186
2002-03,historical_exact_batch,refs/remotes/origin/treb-game-facts-2002-batch-001,player_game_treb_on,1886
2002-03,historical_exact_batch,refs/remotes/origin/treb-game-facts-2002-batch-002,team_game_treb,196
2002-03,historical_exact_batch,refs/remotes/origin/treb-game-facts-2002-batch-002,player_game_treb_on,2006
2002-03,historical_exact_batch,refs/remotes/origin/treb-game-facts-2002-batch-003,team_game_treb,186
2002-03,historical_exact_batch,refs/remotes/origin/treb-game-facts-2002-batch-003,player_game_treb_on,1861
2002-03,historical_exact_batch,refs/remotes/origin/treb-game-facts-2002-batch-004,team_game_treb,190
2002-03,historical_exact_batch,refs/remotes/origin/treb-game-facts-2002-batch-004,player_game_treb_on,1929
2002-03,historical_exact_batch,refs/remotes/origin/treb-game-facts-2002-batch-005,team_game_treb,196
2002-03,historical_exact_batch,refs/remotes/origin/treb-game-facts-2002-batch-005,player_game_treb_on,1928
2002-03,historical_exact_batch,refs/remotes/origin/treb-game-facts-2002-batch-006,team_game_treb,186
2002-03,historical_exact_batch,refs/remotes/origin/treb-game-facts-2002-batch-006,player_game_treb_on,1831
2002-03,historical_exact_batch,refs/remotes/origin/treb-game-facts-2002-batch-007,team_game_treb,190
2002-03,historical_exact_batch,refs/remotes/origin/treb-game-facts-2002-batch-007,player_game_treb_on,1915
2002-03,historical_exact_batch,refs/remotes/origin/treb-game-facts-2002-batch-008,team_game_treb,186
2002-03,historical_exact_batch,refs/remotes/origin/treb-game-facts-2002-batch-008,player_game_treb_on,1844
2002-03,historical_exact_batch,refs/remotes/origin/treb-game-facts-2002-batch-009,team_game_treb,186
2002-03,historical_exact_batch,refs/remotes/origin/treb-game-facts-2002-batch-009,player_game_treb_on,1893
2002-03,historical_exact_batch,refs/remotes/origin/treb-game-facts-2002-batch-010,team_game_treb,192
2002-03,historical_exact_batch,refs/remotes/origin/treb-game-facts-2002-batch-010,player_game_treb_on,1934
2002-03,historical_exact_batch,refs/remotes/origin/treb-game-facts-2002-batch-011,team_game_treb,164
2002-03,historical_exact_batch,refs/remotes/origin/treb-game-facts-2002-batch-011,player_game_treb_on,1675
2003-04,historical_exact_batch,refs/remotes/origin/treb-game-facts-2003-batch-000,team_game_treb,192
2003-04,historical_exact_batch,refs/remotes/origin/treb-game-facts-2003-batch-000,player_game_treb_on,1957
2003-04,historical_exact_batch,refs/remotes/origin/treb-game-facts-2003-batch-001,team_game_treb,188
2003-04,historical_exact_batch,refs/remotes/origin/treb-game-facts-2003-batch-001,player_game_treb_on,1923
2003-04,historical_exact_batch,refs/remotes/origin/treb-game-facts-2003-batch-002,team_game_treb,188
2003-04,historical_exact_batch,refs/remotes/origin/treb-game-facts-2003-batch-002,player_game_treb_on,1861
2003-04,historical_exact_batch,refs/remotes/origin/treb-game-facts-2003-batch-003,team_game_treb,200
2003-04,historical_exact_batch,refs/remotes/origin/treb-game-facts-2003-batch-003,player_game_treb_on,1999
2003-04,historical_exact_batch,refs/remotes/origin/treb-game-facts-2003-batch-004,team_game_treb,190
2003-04,historical_exact_batch,refs/remotes/origin/treb-game-facts-2003-batch-004,player_game_treb_on,1870
2003-04,historical_exact_batch,refs/remotes/origin/treb-game-facts-2003-batch-005,team_game_treb,186
2003-04,historical_exact_batch,refs/remotes/origin/treb-game-facts-2003-batch-005,player_game_treb_on,1843
2003-04,historical_exact_batch,refs/remotes/origin/treb-game-facts-2003-batch-006,team_game_treb,190
2003-04,historical_exact_batch,refs/remotes/origin/treb-game-facts-2003-batch-006,player_game_treb_on,1897
2003-04,historical_exact_batch,refs/remotes/origin/treb-game-facts-2003-batch-007,team_game_treb,190
2003-04,historical_exact_batch,refs/remotes/origin/treb-game-facts-2003-batch-007,player_game_treb_on,1920
2003-04,historical_exact_batch,refs/remotes/origin/treb-game-facts-2003-batch-008,team_game_treb,190
2003-04,historical_exact_batch,refs/remotes/origin/treb-game-facts-2003-batch-008,player_game_treb_on,1905
2003-04,historical_exact_batch,refs/remotes/origin/treb-game-facts-2003-batch-009,team_game_treb,194
2003-04,historical_exact_batch,refs/remotes/origin/treb-game-facts-2003-batch-009,player_game_treb_on,1960
2003-04,historical_exact_batch,refs/remotes/origin/treb-game-facts-2003-batch-010,team_game_treb,186
2003-04,historical_exact_batch,refs/remotes/origin/treb-game-facts-2003-batch-010,player_game_treb_on,1877
2003-04,historical_exact_batch,refs/remotes/origin/treb-game-facts-2003-batch-011,team_game_treb,168
2003-04,historical_exact_batch,refs/remotes/origin/treb-game-facts-2003-batch-011,player_game_treb_on,1686
2004-05,historical_exact_batch,refs/remotes/origin/treb-game-facts-2004-batch-000,team_game_treb,188
2004-05,historical_exact_batch,refs/remotes/origin/treb-game-facts-2004-batch-000,player_game_treb_on,1951
2004-05,historical_exact_batch,refs/remotes/origin/treb-game-facts-2004-batch-001,team_game_treb,188
2004-05,historical_exact_batch,refs/remotes/origin/treb-game-facts-2004-batch-001,player_game_treb_on,1928
2004-05,historical_exact_batch,refs/remotes/origin/treb-game-facts-2004-batch-002,team_game_treb,186
2004-05,historical_exact_batch,refs/remotes/origin/treb-game-facts-2004-batch-002,player_game_treb_on,1897
2004-05,historical_exact_batch,refs/remotes/origin/treb-game-facts-2004-batch-003,team_game_treb,182
2004-05,historical_exact_batch,refs/remotes/origin/treb-game-facts-2004-batch-003,player_game_treb_on,1845
2004-05,historical_exact_batch,refs/remotes/origin/treb-game-facts-2004-batch-004,team_game_treb,184
2004-05,historical_exact_batch,refs/remotes/origin/treb-game-facts-2004-batch-004,player_game_treb_on,1852
2004-05,historical_exact_batch,refs/remotes/origin/treb-game-facts-2004-batch-005,team_game_treb,192
2004-05,historical_exact_batch,refs/remotes/origin/treb-game-facts-2004-batch-005,player_game_treb_on,1935
2004-05,historical_exact_batch,refs/remotes/origin/treb-game-facts-2004-batch-006,team_game_treb,196
2004-05,historical_exact_batch,refs/remotes/origin/treb-game-facts-2004-batch-006,player_game_treb_on,1963
2004-05,historical_exact_batch,refs/remotes/origin/treb-game-facts-2004-batch-007,team_game_treb,198
2004-05,historical_exact_batch,refs/remotes/origin/treb-game-facts-2004-batch-007,player_game_treb_on,2002
2004-05,historical_exact_batch,refs/remotes/origin/treb-game-facts-2004-batch-008,team_game_treb,198
2004-05,historical_exact_batch,refs/remotes/origin/treb-game-facts-2004-batch-008,player_game_treb_on,1987
2004-05,historical_exact_batch,refs/remotes/origin/treb-game-facts-2004-batch-009,team_game_treb,188
2004-05,historical_exact_batch,refs/remotes/origin/treb-game-facts-2004-batch-009,player_game_treb_on,1900
2004-05,historical_exact_batch,refs/remotes/origin/treb-game-facts-2004-batch-010,team_game_treb,184
2004-05,historical_exact_batch,refs/remotes/origin/treb-game-facts-2004-batch-010,player_game_treb_on,1889
2004-05,historical_exact_batch,refs/remotes/origin/treb-game-facts-2004-batch-011,team_game_treb,184
2004-05,historical_exact_batch,refs/remotes/origin/treb-game-facts-2004-batch-011,player_game_treb_on,1880
2004-05,historical_exact_batch,refs/remotes/origin/treb-game-facts-2004-batch-012,team_game_treb,56
2004-05,historical_exact_batch,refs/remotes/origin/treb-game-facts-2004-batch-012,player_game_treb_on,569
2005-06,historical_exact_batch,refs/remotes/origin/treb-game-facts-2005-batch-000,team_game_treb,196
2005-06,historical_exact_batch,refs/remotes/origin/treb-game-facts-2005-batch-000,player_game_treb_on,2078
2005-06,historical_exact_batch,refs/remotes/origin/treb-game-facts-2005-batch-001,team_game_treb,194
2005-06,historical_exact_batch,refs/remotes/origin/treb-game-facts-2005-batch-001,player_game_treb_on,1997
2005-06,historical_exact_batch,refs/remotes/origin/treb-game-facts-2005-batch-002,team_game_treb,196
2005-06,historical_exact_batch,refs/remotes/origin/treb-game-facts-2005-batch-002,player_game_treb_on,2005
2005-06,historical_exact_batch,refs/remotes/origin/treb-game-facts-2005-batch-003,team_game_treb,192
2005-06,historical_exact_batch,refs/remotes/origin/treb-game-facts-2005-batch-003,player_game_treb_on,1950
2005-06,historical_exact_batch,refs/remotes/origin/treb-game-facts-2005-batch-004,team_game_treb,194
2005-06,historical_exact_batch,refs/remotes/origin/treb-game-facts-2005-batch-004,player_game_treb_on,1970
2005-06,historical_exact_batch,refs/remotes/origin/treb-game-facts-2005-batch-005,team_game_treb,196
2005-06,historical_exact_batch,refs/remotes/origin/treb-game-facts-2005-batch-005,player_game_treb_on,1964
2005-06,historical_exact_batch,refs/remotes/origin/treb-game-facts-2005-batch-006,team_game_treb,194
2005-06,historical_exact_batch,refs/remotes/origin/treb-game-facts-2005-batch-006,player_game_treb_on,1939
2005-06,historical_exact_batch,refs/remotes/origin/treb-game-facts-2005-batch-007,team_game_treb,184
2005-06,historical_exact_batch,refs/remotes/origin/treb-game-facts-2005-batch-007,player_game_treb_on,1860
2005-06,historical_exact_batch,refs/remotes/origin/treb-game-facts-2005-batch-008,team_game_treb,194
2005-06,historical_exact_batch,refs/remotes/origin/treb-game-facts-2005-batch-008,player_game_treb_on,1915
2005-06,historical_exact_batch,refs/remotes/origin/treb-game-facts-2005-batch-009,team_game_treb,184
2005-06,historical_exact_batch,refs/remotes/origin/treb-game-facts-2005-batch-009,player_game_treb_on,1813
2005-06,historical_exact_batch,refs/remotes/origin/treb-game-facts-2005-batch-010,team_game_treb,184
2005-06,historical_exact_batch,refs/remotes/origin/treb-game-facts-2005-batch-010,player_game_treb_on,1857
2005-06,historical_exact_batch,refs/remotes/origin/treb-game-facts-2005-batch-011,team_game_treb,194
2005-06,historical_exact_batch,refs/remotes/origin/treb-game-facts-2005-batch-011,player_game_treb_on,1950
2005-06,historical_exact_batch,refs/remotes/origin/treb-game-facts-2005-batch-012,team_game_treb,56
2005-06,historical_exact_batch,refs/remotes/origin/treb-game-facts-2005-batch-012,player_game_treb_on,574
2006-07,historical_exact_batch,refs/remotes/origin/treb-game-facts-2006-batch-000,team_game_treb,190
2006-07,historical_exact_batch,refs/remotes/origin/treb-game-facts-2006-batch-000,player_game_treb_on,1966
2006-07,historical_exact_batch,refs/remotes/origin/treb-game-facts-2006-batch-001,team_game_treb,188
2006-07,historical_exact_batch,refs/remotes/origin/treb-game-facts-2006-batch-001,player_game_treb_on,1952
2006-07,historical_exact_batch,refs/remotes/origin/treb-game-facts-2006-batch-002,team_game_treb,190
2006-07,historical_exact_batch,refs/remotes/origin/treb-game-facts-2006-batch-002,player_game_treb_on,1987
2006-07,historical_exact_batch,refs/remotes/origin/treb-game-facts-2006-batch-003,team_game_treb,192
2006-07,historical_exact_batch,refs/remotes/origin/treb-game-facts-2006-batch-003,player_game_treb_on,1970
2006-07,historical_exact_batch,refs/remotes/origin/treb-game-facts-2006-batch-004,team_game_treb,188
2006-07,historical_exact_batch,refs/remotes/origin/treb-game-facts-2006-batch-004,player_game_treb_on,1925
2006-07,historical_exact_batch,refs/remotes/origin/treb-game-facts-2006-batch-005,team_game_treb,192
2006-07,historical_exact_batch,refs/remotes/origin/treb-game-facts-2006-batch-005,player_game_treb_on,1940
2006-07,historical_exact_batch,refs/remotes/origin/treb-game-facts-2006-batch-006,team_game_treb,192
2006-07,historical_exact_batch,refs/remotes/origin/treb-game-facts-2006-batch-006,player_game_treb_on,1950
2006-07,historical_exact_batch,refs/remotes/origin/treb-game-facts-2006-batch-007,team_game_treb,192
2006-07,historical_exact_batch,refs/remotes/origin/treb-game-facts-2006-batch-007,player_game_treb_on,1960
2006-07,historical_exact_batch,refs/remotes/origin/treb-game-facts-2006-batch-008,team_game_treb,186
2006-07,historical_exact_batch,refs/remotes/origin/treb-game-facts-2006-batch-008,player_game_treb_on,1922
2006-07,historical_exact_batch,refs/remotes/origin/treb-game-facts-2006-batch-009,team_game_treb,190
2006-07,historical_exact_batch,refs/remotes/origin/treb-game-facts-2006-batch-009,player_game_treb_on,1925
2006-07,historical_exact_batch,refs/remotes/origin/treb-game-facts-2006-batch-010,team_game_treb,188
2006-07,historical_exact_batch,refs/remotes/origin/treb-game-facts-2006-batch-010,player_game_treb_on,1868
2006-07,historical_exact_batch,refs/remotes/origin/treb-game-facts-2006-batch-011,team_game_treb,192
2006-07,historical_exact_batch,refs/remotes/origin/treb-game-facts-2006-batch-011,player_game_treb_on,1879
2006-07,historical_exact_batch,refs/remotes/origin/treb-game-facts-2006-batch-012,team_game_treb,58
2006-07,historical_exact_batch,refs/remotes/origin/treb-game-facts-2006-batch-012,player_game_treb_on,575
2006-07,exact_repair_wave1,refs/remotes/origin/treb-game-fact-repair-wave1,team_game_treb,96
2006-07,exact_repair_wave1,refs/remotes/origin/treb-game-fact-repair-wave1,player_game_treb_on,997
2006-07,exact_fast_final_repair,refs/remotes/origin/treb-fast-final-repair-wave,team_game_treb,26
2006-07,exact_fast_final_repair,refs/remotes/origin/treb-fast-final-repair-wave,player_game_treb_on,263
2007-08,historical_exact_batch,refs/remotes/origin/treb-game-facts-2007-batch-000,team_game_treb,196
2007-08,historical_exact_batch,refs/remotes/origin/treb-game-facts-2007-batch-000,player_game_treb_on,2038
2007-08,historical_exact_batch,refs/remotes/origin/treb-game-facts-2007-batch-001,team_game_treb,194
2007-08,historical_exact_batch,refs/remotes/origin/treb-game-facts-2007-batch-001,player_game_treb_on,2002
2007-08,historical_exact_batch,refs/remotes/origin/treb-game-facts-2007-batch-002,team_game_treb,194
2007-08,historical_exact_batch,refs/remotes/origin/treb-game-facts-2007-batch-002,player_game_treb_on,1972
2007-08,historical_exact_batch,refs/remotes/origin/treb-game-facts-2007-batch-003,team_game_treb,186
2007-08,historical_exact_batch,refs/remotes/origin/treb-game-facts-2007-batch-003,player_game_treb_on,1860
2007-08,historical_exact_batch,refs/remotes/origin/treb-game-facts-2007-batch-004,team_game_treb,190
2007-08,historical_exact_batch,refs/remotes/origin/treb-game-facts-2007-batch-004,player_game_treb_on,1890
2007-08,historical_exact_batch,refs/remotes/origin/treb-game-facts-2007-batch-005,team_game_treb,190
2007-08,historical_exact_batch,refs/remotes/origin/treb-game-facts-2007-batch-005,player_game_treb_on,1927
2007-08,historical_exact_batch,refs/remotes/origin/treb-game-facts-2007-batch-006,team_game_treb,194
2007-08,historical_exact_batch,refs/remotes/origin/treb-game-facts-2007-batch-006,player_game_treb_on,1935
2007-08,historical_exact_batch,refs/remotes/origin/treb-game-facts-2007-batch-007,team_game_treb,188
2007-08,historical_exact_batch,refs/remotes/origin/treb-game-facts-2007-batch-007,player_game_treb_on,1873
2007-08,historical_exact_batch,refs/remotes/origin/treb-game-facts-2007-batch-008,team_game_treb,188
2007-08,historical_exact_batch,refs/remotes/origin/treb-game-facts-2007-batch-008,player_game_treb_on,1911
2007-08,historical_exact_batch,refs/remotes/origin/treb-game-facts-2007-batch-009,team_game_treb,196
2007-08,historical_exact_batch,refs/remotes/origin/treb-game-facts-2007-batch-009,player_game_treb_on,2001
2007-08,historical_exact_batch,refs/remotes/origin/treb-game-facts-2007-batch-010,team_game_treb,194
2007-08,historical_exact_batch,refs/remotes/origin/treb-game-facts-2007-batch-010,player_game_treb_on,1934
2007-08,historical_exact_batch,refs/remotes/origin/treb-game-facts-2007-batch-011,team_game_treb,192
2007-08,historical_exact_batch,refs/remotes/origin/treb-game-facts-2007-batch-011,player_game_treb_on,1938
2007-08,historical_exact_batch,refs/remotes/origin/treb-game-facts-2007-batch-012,team_game_treb,58
2007-08,historical_exact_batch,refs/remotes/origin/treb-game-facts-2007-batch-012,player_game_treb_on,614
2007-08,exact_repair_wave1,refs/remotes/origin/treb-game-fact-repair-wave1,team_game_treb,78
2007-08,exact_repair_wave1,refs/remotes/origin/treb-game-fact-repair-wave1,player_game_treb_on,781
2007-08,exact_fast_final_repair,refs/remotes/origin/treb-fast-final-repair-wave,team_game_treb,22
2007-08,exact_fast_final_repair,refs/remotes/origin/treb-fast-final-repair-wave,player_game_treb_on,207
2008-09,historical_exact_batch,refs/remotes/origin/treb-game-facts-2008-batch-000,team_game_treb,194
2008-09,historical_exact_batch,refs/remotes/origin/treb-game-facts-2008-batch-000,player_game_treb_on,1980
2008-09,historical_exact_batch,refs/remotes/origin/treb-game-facts-2008-batch-001,team_game_treb,196
2008-09,historical_exact_batch,refs/remotes/origin/treb-game-facts-2008-batch-001,player_game_treb_on,2002
2008-09,historical_exact_batch,refs/remotes/origin/treb-game-facts-2008-batch-002,team_game_treb,194
2008-09,historical_exact_batch,refs/remotes/origin/treb-game-facts-2008-batch-002,player_game_treb_on,2007
2008-09,historical_exact_batch,refs/remotes/origin/treb-game-facts-2008-batch-003,team_game_treb,194
2008-09,historical_exact_batch,refs/remotes/origin/treb-game-facts-2008-batch-003,player_game_treb_on,1927
2008-09,historical_exact_batch,refs/remotes/origin/treb-game-facts-2008-batch-004,team_game_treb,176
2008-09,historical_exact_batch,refs/remotes/origin/treb-game-facts-2008-batch-004,player_game_treb_on,1751
2008-09,historical_exact_batch,refs/remotes/origin/treb-game-facts-2008-batch-005,team_game_treb,190
2008-09,historical_exact_batch,refs/remotes/origin/treb-game-facts-2008-batch-005,player_game_treb_on,1868
2008-09,historical_exact_batch,refs/remotes/origin/treb-game-facts-2008-batch-006,team_game_treb,182
2008-09,historical_exact_batch,refs/remotes/origin/treb-game-facts-2008-batch-006,player_game_treb_on,1836
2008-09,historical_exact_batch,refs/remotes/origin/treb-game-facts-2008-batch-007,team_game_treb,188
2008-09,historical_exact_batch,refs/remotes/origin/treb-game-facts-2008-batch-007,player_game_treb_on,1852
2008-09,historical_exact_batch,refs/remotes/origin/treb-game-facts-2008-batch-008,team_game_treb,190
2008-09,historical_exact_batch,refs/remotes/origin/treb-game-facts-2008-batch-008,player_game_treb_on,1887
2008-09,historical_exact_batch,refs/remotes/origin/treb-game-facts-2008-batch-009,team_game_treb,196
2008-09,historical_exact_batch,refs/remotes/origin/treb-game-facts-2008-batch-009,player_game_treb_on,1930
2008-09,historical_exact_batch,refs/remotes/origin/treb-game-facts-2008-batch-010,team_game_treb,196
2008-09,historical_exact_batch,refs/remotes/origin/treb-game-facts-2008-batch-010,player_game_treb_on,1969
2008-09,historical_exact_batch,refs/remotes/origin/treb-game-facts-2008-batch-011,team_game_treb,186
2008-09,historical_exact_batch,refs/remotes/origin/treb-game-facts-2008-batch-011,player_game_treb_on,1830
2008-09,historical_exact_batch,refs/remotes/origin/treb-game-facts-2008-batch-012,team_game_treb,56
2008-09,historical_exact_batch,refs/remotes/origin/treb-game-facts-2008-batch-012,player_game_treb_on,565
2008-09,exact_repair_wave1,refs/remotes/origin/treb-game-fact-repair-wave1,team_game_treb,90
2008-09,exact_repair_wave1,refs/remotes/origin/treb-game-fact-repair-wave1,player_game_treb_on,915
2008-09,exact_fast_final_repair,refs/remotes/origin/treb-fast-final-repair-wave,team_game_treb,30
2008-09,exact_fast_final_repair,refs/remotes/origin/treb-fast-final-repair-wave,player_game_treb_on,281
2009-10,historical_exact_batch,refs/remotes/origin/treb-game-facts-2009-batch-000,team_game_treb,196
2009-10,historical_exact_batch,refs/remotes/origin/treb-game-facts-2009-batch-000,player_game_treb_on,2013
2009-10,historical_exact_batch,refs/remotes/origin/treb-game-facts-2009-batch-001,team_game_treb,196
2009-10,historical_exact_batch,refs/remotes/origin/treb-game-facts-2009-batch-001,player_game_treb_on,2003
2009-10,historical_exact_batch,refs/remotes/origin/treb-game-facts-2009-batch-002,team_game_treb,194
2009-10,historical_exact_batch,refs/remotes/origin/treb-game-facts-2009-batch-002,player_game_treb_on,1953
2009-10,historical_exact_batch,refs/remotes/origin/treb-game-facts-2009-batch-003,team_game_treb,190
2009-10,historical_exact_batch,refs/remotes/origin/treb-game-facts-2009-batch-003,player_game_treb_on,1895
2009-10,historical_exact_batch,refs/remotes/origin/treb-game-facts-2009-batch-004,team_game_treb,192
2009-10,historical_exact_batch,refs/remotes/origin/treb-game-facts-2009-batch-004,player_game_treb_on,1922
2009-10,historical_exact_batch,refs/remotes/origin/treb-game-facts-2009-batch-005,team_game_treb,194
2009-10,historical_exact_batch,refs/remotes/origin/treb-game-facts-2009-batch-005,player_game_treb_on,1942
2009-10,historical_exact_batch,refs/remotes/origin/treb-game-facts-2009-batch-006,team_game_treb,198
2009-10,historical_exact_batch,refs/remotes/origin/treb-game-facts-2009-batch-006,player_game_treb_on,2008
2009-10,historical_exact_batch,refs/remotes/origin/treb-game-facts-2009-batch-007,team_game_treb,194
2009-10,historical_exact_batch,refs/remotes/origin/treb-game-facts-2009-batch-007,player_game_treb_on,1970
2009-10,historical_exact_batch,refs/remotes/origin/treb-game-facts-2009-batch-008,team_game_treb,194
2009-10,historical_exact_batch,refs/remotes/origin/treb-game-facts-2009-batch-008,player_game_treb_on,1930
2009-10,historical_exact_batch,refs/remotes/origin/treb-game-facts-2009-batch-009,team_game_treb,188
2009-10,historical_exact_batch,refs/remotes/origin/treb-game-facts-2009-batch-009,player_game_treb_on,1895
2009-10,historical_exact_batch,refs/remotes/origin/treb-game-facts-2009-batch-010,team_game_treb,190
2009-10,historical_exact_batch,refs/remotes/origin/treb-game-facts-2009-batch-010,player_game_treb_on,1926
2009-10,historical_exact_batch,refs/remotes/origin/treb-game-facts-2009-batch-011,team_game_treb,192
2009-10,historical_exact_batch,refs/remotes/origin/treb-game-facts-2009-batch-011,player_game_treb_on,1927
2009-10,historical_exact_batch,refs/remotes/origin/treb-game-facts-2009-batch-012,team_game_treb,50
2009-10,historical_exact_batch,refs/remotes/origin/treb-game-facts-2009-batch-012,player_game_treb_on,505
2009-10,exact_repair_wave1,refs/remotes/origin/treb-game-fact-repair-wave1,team_game_treb,62
2009-10,exact_repair_wave1,refs/remotes/origin/treb-game-fact-repair-wave1,player_game_treb_on,630
2009-10,exact_fast_final_repair,refs/remotes/origin/treb-fast-final-repair-wave,team_game_treb,26
2009-10,exact_fast_final_repair,refs/remotes/origin/treb-fast-final-repair-wave,player_game_treb_on,247
2010-11,historical_exact_batch,refs/remotes/origin/treb-game-facts-2010-batch-000,team_game_treb,190
2010-11,historical_exact_batch,refs/remotes/origin/treb-game-facts-2010-batch-000,player_game_treb_on,1994
2010-11,historical_exact_batch,refs/remotes/origin/treb-game-facts-2010-batch-001,team_game_treb,196
2010-11,historical_exact_batch,refs/remotes/origin/treb-game-facts-2010-batch-001,player_game_treb_on,2030
2010-11,historical_exact_batch,refs/remotes/origin/treb-game-facts-2010-batch-002,team_game_treb,192
2010-11,historical_exact_batch,refs/remotes/origin/treb-game-facts-2010-batch-002,player_game_treb_on,2017
2010-11,historical_exact_batch,refs/remotes/origin/treb-game-facts-2010-batch-003,team_game_treb,190
2010-11,historical_exact_batch,refs/remotes/origin/treb-game-facts-2010-batch-003,player_game_treb_on,1951
2010-11,historical_exact_batch,refs/remotes/origin/treb-game-facts-2010-batch-004,team_game_treb,188
2010-11,historical_exact_batch,refs/remotes/origin/treb-game-facts-2010-batch-004,player_game_treb_on,1906
2010-11,historical_exact_batch,refs/remotes/origin/treb-game-facts-2010-batch-005,team_game_treb,194
2010-11,historical_exact_batch,refs/remotes/origin/treb-game-facts-2010-batch-005,player_game_treb_on,1939
2010-11,historical_exact_batch,refs/remotes/origin/treb-game-facts-2010-batch-006,team_game_treb,186
2010-11,historical_exact_batch,refs/remotes/origin/treb-game-facts-2010-batch-006,player_game_treb_on,1888
2010-11,historical_exact_batch,refs/remotes/origin/treb-game-facts-2010-batch-007,team_game_treb,196
2010-11,historical_exact_batch,refs/remotes/origin/treb-game-facts-2010-batch-007,player_game_treb_on,1962
2010-11,historical_exact_batch,refs/remotes/origin/treb-game-facts-2010-batch-008,team_game_treb,196
2010-11,historical_exact_batch,refs/remotes/origin/treb-game-facts-2010-batch-008,player_game_treb_on,1991
2010-11,historical_exact_batch,refs/remotes/origin/treb-game-facts-2010-batch-009,team_game_treb,194
2010-11,historical_exact_batch,refs/remotes/origin/treb-game-facts-2010-batch-009,player_game_treb_on,2004
2010-11,historical_exact_batch,refs/remotes/origin/treb-game-facts-2010-batch-010,team_game_treb,192
2010-11,historical_exact_batch,refs/remotes/origin/treb-game-facts-2010-batch-010,player_game_treb_on,1949
2010-11,historical_exact_batch,refs/remotes/origin/treb-game-facts-2010-batch-011,team_game_treb,198
2010-11,historical_exact_batch,refs/remotes/origin/treb-game-facts-2010-batch-011,player_game_treb_on,2026
2010-11,historical_exact_batch,refs/remotes/origin/treb-game-facts-2010-batch-012,team_game_treb,58
2010-11,historical_exact_batch,refs/remotes/origin/treb-game-facts-2010-batch-012,player_game_treb_on,567
2010-11,exact_repair_wave1,refs/remotes/origin/treb-game-fact-repair-wave1,team_game_treb,62
2010-11,exact_repair_wave1,refs/remotes/origin/treb-game-fact-repair-wave1,player_game_treb_on,648
2010-11,exact_fast_final_repair,refs/remotes/origin/treb-fast-final-repair-wave,team_game_treb,24
2010-11,exact_fast_final_repair,refs/remotes/origin/treb-fast-final-repair-wave,player_game_treb_on,235
2011-12,historical_exact_batch,refs/remotes/origin/treb-game-facts-2011-batch-000,team_game_treb,192
2011-12,historical_exact_batch,refs/remotes/origin/treb-game-facts-2011-batch-000,player_game_treb_on,2086
2011-12,historical_exact_batch,refs/remotes/origin/treb-game-facts-2011-batch-001,team_game_treb,190
2011-12,historical_exact_batch,refs/remotes/origin/treb-game-facts-2011-batch-001,player_game_treb_on,2000
2011-12,historical_exact_batch,refs/remotes/origin/treb-game-facts-2011-batch-002,team_game_treb,192
2011-12,historical_exact_batch,refs/remotes/origin/treb-game-facts-2011-batch-002,player_game_treb_on,2037
2011-12,historical_exact_batch,refs/remotes/origin/treb-game-facts-2011-batch-003,team_game_treb,200
2011-12,historical_exact_batch,refs/remotes/origin/treb-game-facts-2011-batch-003,player_game_treb_on,2104
2011-12,historical_exact_batch,refs/remotes/origin/treb-game-facts-2011-batch-004,team_game_treb,190
2011-12,historical_exact_batch,refs/remotes/origin/treb-game-facts-2011-batch-004,player_game_treb_on,1989
2011-12,historical_exact_batch,refs/remotes/origin/treb-game-facts-2011-batch-005,team_game_treb,194
2011-12,historical_exact_batch,refs/remotes/origin/treb-game-facts-2011-batch-005,player_game_treb_on,2034
2011-12,historical_exact_batch,refs/remotes/origin/treb-game-facts-2011-batch-006,team_game_treb,194
2011-12,historical_exact_batch,refs/remotes/origin/treb-game-facts-2011-batch-006,player_game_treb_on,2012
2011-12,historical_exact_batch,refs/remotes/origin/treb-game-facts-2011-batch-007,team_game_treb,192
2011-12,historical_exact_batch,refs/remotes/origin/treb-game-facts-2011-batch-007,player_game_treb_on,1982
2011-12,historical_exact_batch,refs/remotes/origin/treb-game-facts-2011-batch-008,team_game_treb,194
2011-12,historical_exact_batch,refs/remotes/origin/treb-game-facts-2011-batch-008,player_game_treb_on,2013
2011-12,historical_exact_batch,refs/remotes/origin/treb-game-facts-2011-batch-009,team_game_treb,178
2011-12,historical_exact_batch,refs/remotes/origin/treb-game-facts-2011-batch-009,player_game_treb_on,1841
2011-12,exact_repair_wave1,refs/remotes/origin/treb-game-fact-repair-wave1,team_game_treb,38
2011-12,exact_repair_wave1,refs/remotes/origin/treb-game-fact-repair-wave1,player_game_treb_on,396
2011-12,exact_fast_final_repair,refs/remotes/origin/treb-fast-final-repair-wave,team_game_treb,26
2011-12,exact_fast_final_repair,refs/remotes/origin/treb-fast-final-repair-wave,player_game_treb_on,259
2012-13,historical_exact_batch,refs/remotes/origin/treb-game-facts-2012-batch-000,team_game_treb,194
2012-13,historical_exact_batch,refs/remotes/origin/treb-game-facts-2012-batch-000,player_game_treb_on,2080
2012-13,historical_exact_batch,refs/remotes/origin/treb-game-facts-2012-batch-001,team_game_treb,194
2012-13,historical_exact_batch,refs/remotes/origin/treb-game-facts-2012-batch-001,player_game_treb_on,2055
2012-13,historical_exact_batch,refs/remotes/origin/treb-game-facts-2012-batch-002,team_game_treb,190
2012-13,historical_exact_batch,refs/remotes/origin/treb-game-facts-2012-batch-002,player_game_treb_on,1975
2012-13,historical_exact_batch,refs/remotes/origin/treb-game-facts-2012-batch-003,team_game_treb,196
2012-13,historical_exact_batch,refs/remotes/origin/treb-game-facts-2012-batch-003,player_game_treb_on,2035
2012-13,historical_exact_batch,refs/remotes/origin/treb-game-facts-2012-batch-004,team_game_treb,200
2012-13,historical_exact_batch,refs/remotes/origin/treb-game-facts-2012-batch-004,player_game_treb_on,2113
2012-13,historical_exact_batch,refs/remotes/origin/treb-game-facts-2012-batch-005,team_game_treb,190
2012-13,historical_exact_batch,refs/remotes/origin/treb-game-facts-2012-batch-005,player_game_treb_on,2025
2012-13,historical_exact_batch,refs/remotes/origin/treb-game-facts-2012-batch-006,team_game_treb,192
2012-13,historical_exact_batch,refs/remotes/origin/treb-game-facts-2012-batch-006,player_game_treb_on,2019
2012-13,historical_exact_batch,refs/remotes/origin/treb-game-facts-2012-batch-007,team_game_treb,192
2012-13,historical_exact_batch,refs/remotes/origin/treb-game-facts-2012-batch-007,player_game_treb_on,2029
2012-13,historical_exact_batch,refs/remotes/origin/treb-game-facts-2012-batch-008,team_game_treb,186
2012-13,historical_exact_batch,refs/remotes/origin/treb-game-facts-2012-batch-008,player_game_treb_on,1945
2012-13,historical_exact_batch,refs/remotes/origin/treb-game-facts-2012-batch-009,team_game_treb,192
2012-13,historical_exact_batch,refs/remotes/origin/treb-game-facts-2012-batch-009,player_game_treb_on,1992
2012-13,historical_exact_batch,refs/remotes/origin/treb-game-facts-2012-batch-010,team_game_treb,200
2012-13,historical_exact_batch,refs/remotes/origin/treb-game-facts-2012-batch-010,player_game_treb_on,2067
2012-13,historical_exact_batch,refs/remotes/origin/treb-game-facts-2012-batch-011,team_game_treb,192
2012-13,historical_exact_batch,refs/remotes/origin/treb-game-facts-2012-batch-011,player_game_treb_on,1962
2012-13,historical_exact_batch,refs/remotes/origin/treb-game-facts-2012-batch-012,team_game_treb,26
2012-13,historical_exact_batch,refs/remotes/origin/treb-game-facts-2012-batch-012,player_game_treb_on,258
2012-13,exact_repair_wave1,refs/remotes/origin/treb-game-fact-repair-wave1,team_game_treb,64
2012-13,exact_repair_wave1,refs/remotes/origin/treb-game-fact-repair-wave1,player_game_treb_on,687
2012-13,exact_fast_final_repair,refs/remotes/origin/treb-fast-final-repair-wave,team_game_treb,18
2012-13,exact_fast_final_repair,refs/remotes/origin/treb-fast-final-repair-wave,player_game_treb_on,180
2013-14,historical_exact_batch,refs/remotes/origin/treb-game-facts-2013-batch-000,team_game_treb,196
2013-14,historical_exact_batch,refs/remotes/origin/treb-game-facts-2013-batch-000,player_game_treb_on,2085
2013-14,historical_exact_batch,refs/remotes/origin/treb-game-facts-2013-batch-001,team_game_treb,190
2013-14,historical_exact_batch,refs/remotes/origin/treb-game-facts-2013-batch-001,player_game_treb_on,2011
2013-14,historical_exact_batch,refs/remotes/origin/treb-game-facts-2013-batch-002,team_game_treb,186
2013-14,historical_exact_batch,refs/remotes/origin/treb-game-facts-2013-batch-002,player_game_treb_on,1964
2013-14,historical_exact_batch,refs/remotes/origin/treb-game-facts-2013-batch-003,team_game_treb,190
2013-14,historical_exact_batch,refs/remotes/origin/treb-game-facts-2013-batch-003,player_game_treb_on,1962
2013-14,historical_exact_batch,refs/remotes/origin/treb-game-facts-2013-batch-004,team_game_treb,182
2013-14,historical_exact_batch,refs/remotes/origin/treb-game-facts-2013-batch-004,player_game_treb_on,1895
2013-14,historical_exact_batch,refs/remotes/origin/treb-game-facts-2013-batch-005,team_game_treb,194
2013-14,historical_exact_batch,refs/remotes/origin/treb-game-facts-2013-batch-005,player_game_treb_on,2031
2013-14,historical_exact_batch,refs/remotes/origin/treb-game-facts-2013-batch-006,team_game_treb,198
2013-14,historical_exact_batch,refs/remotes/origin/treb-game-facts-2013-batch-006,player_game_treb_on,2034
2013-14,historical_exact_batch,refs/remotes/origin/treb-game-facts-2013-batch-007,team_game_treb,196
2013-14,historical_exact_batch,refs/remotes/origin/treb-game-facts-2013-batch-007,player_game_treb_on,1996
2013-14,historical_exact_batch,refs/remotes/origin/treb-game-facts-2013-batch-008,team_game_treb,192
2013-14,historical_exact_batch,refs/remotes/origin/treb-game-facts-2013-batch-008,player_game_treb_on,1976
2013-14,historical_exact_batch,refs/remotes/origin/treb-game-facts-2013-batch-009,team_game_treb,188
2013-14,historical_exact_batch,refs/remotes/origin/treb-game-facts-2013-batch-009,player_game_treb_on,2007
2013-14,historical_exact_batch,refs/remotes/origin/treb-game-facts-2013-batch-010,team_game_treb,194
2013-14,historical_exact_batch,refs/remotes/origin/treb-game-facts-2013-batch-010,player_game_treb_on,2023
2013-14,historical_exact_batch,refs/remotes/origin/treb-game-facts-2013-batch-011,team_game_treb,190
2013-14,historical_exact_batch,refs/remotes/origin/treb-game-facts-2013-batch-011,player_game_treb_on,1935
2013-14,historical_exact_batch,refs/remotes/origin/treb-game-facts-2013-batch-012,team_game_treb,60
2013-14,historical_exact_batch,refs/remotes/origin/treb-game-facts-2013-batch-012,player_game_treb_on,602
2013-14,exact_repair_wave1,refs/remotes/origin/treb-game-fact-repair-wave1,team_game_treb,76
2013-14,exact_repair_wave1,refs/remotes/origin/treb-game-fact-repair-wave1,player_game_treb_on,809
2013-14,exact_fast_final_repair,refs/remotes/origin/treb-fast-final-repair-wave,team_game_treb,26
2013-14,exact_fast_final_repair,refs/remotes/origin/treb-fast-final-repair-wave,player_game_treb_on,257
2014-15,historical_exact_batch,refs/remotes/origin/treb-game-facts-2014-batch-000,team_game_treb,194
2014-15,historical_exact_batch,refs/remotes/origin/treb-game-facts-2014-batch-000,player_game_treb_on,2067
2014-15,historical_exact_batch,refs/remotes/origin/treb-game-facts-2014-batch-001,team_game_treb,190
2014-15,historical_exact_batch,refs/remotes/origin/treb-game-facts-2014-batch-001,player_game_treb_on,2036
2014-15,historical_exact_batch,refs/remotes/origin/treb-game-facts-2014-batch-002,team_game_treb,192
2014-15,historical_exact_batch,refs/remotes/origin/treb-game-facts-2014-batch-002,player_game_treb_on,2038
2014-15,historical_exact_batch,refs/remotes/origin/treb-game-facts-2014-batch-003,team_game_treb,188
2014-15,historical_exact_batch,refs/remotes/origin/treb-game-facts-2014-batch-003,player_game_treb_on,1974
2014-15,historical_exact_batch,refs/remotes/origin/treb-game-facts-2014-batch-004,team_game_treb,192
2014-15,historical_exact_batch,refs/remotes/origin/treb-game-facts-2014-batch-004,player_game_treb_on,2041
2014-15,historical_exact_batch,refs/remotes/origin/treb-game-facts-2014-batch-005,team_game_treb,188
2014-15,historical_exact_batch,refs/remotes/origin/treb-game-facts-2014-batch-005,player_game_treb_on,1995
2014-15,historical_exact_batch,refs/remotes/origin/treb-game-facts-2014-batch-006,team_game_treb,198
2014-15,historical_exact_batch,refs/remotes/origin/treb-game-facts-2014-batch-006,player_game_treb_on,2108
2014-15,historical_exact_batch,refs/remotes/origin/treb-game-facts-2014-batch-007,team_game_treb,194
2014-15,historical_exact_batch,refs/remotes/origin/treb-game-facts-2014-batch-007,player_game_treb_on,2044
2014-15,historical_exact_batch,refs/remotes/origin/treb-game-facts-2014-batch-008,team_game_treb,180
2014-15,historical_exact_batch,refs/remotes/origin/treb-game-facts-2014-batch-008,player_game_treb_on,1892
2014-15,historical_exact_batch,refs/remotes/origin/treb-game-facts-2014-batch-009,team_game_treb,194
2014-15,historical_exact_batch,refs/remotes/origin/treb-game-facts-2014-batch-009,player_game_treb_on,2032
2014-15,historical_exact_batch,refs/remotes/origin/treb-game-facts-2014-batch-010,team_game_treb,190
2014-15,historical_exact_batch,refs/remotes/origin/treb-game-facts-2014-batch-010,player_game_treb_on,1986
2014-15,historical_exact_batch,refs/remotes/origin/treb-game-facts-2014-batch-011,team_game_treb,200
2014-15,historical_exact_batch,refs/remotes/origin/treb-game-facts-2014-batch-011,player_game_treb_on,2111
2014-15,historical_exact_batch,refs/remotes/origin/treb-game-facts-2014-batch-012,team_game_treb,60
2014-15,historical_exact_batch,refs/remotes/origin/treb-game-facts-2014-batch-012,player_game_treb_on,618
2014-15,exact_repair_wave1,refs/remotes/origin/treb-game-fact-repair-wave1,team_game_treb,76
2014-15,exact_repair_wave1,refs/remotes/origin/treb-game-fact-repair-wave1,player_game_treb_on,795
2014-15,exact_fast_final_repair,refs/remotes/origin/treb-fast-final-repair-wave,team_game_treb,24
2014-15,exact_fast_final_repair,refs/remotes/origin/treb-fast-final-repair-wave,player_game_treb_on,237
2015-16,historical_exact_batch,refs/remotes/origin/treb-game-facts-2015-batch-000,team_game_treb,190
2015-16,historical_exact_batch,refs/remotes/origin/treb-game-facts-2015-batch-000,player_game_treb_on,2092
2015-16,historical_exact_batch,refs/remotes/origin/treb-game-facts-2015-batch-001,team_game_treb,194
2015-16,historical_exact_batch,refs/remotes/origin/treb-game-facts-2015-batch-001,player_game_treb_on,2073
2015-16,historical_exact_batch,refs/remotes/origin/treb-game-facts-2015-batch-002,team_game_treb,186
2015-16,historical_exact_batch,refs/remotes/origin/treb-game-facts-2015-batch-002,player_game_treb_on,2004
2015-16,historical_exact_batch,refs/remotes/origin/treb-game-facts-2015-batch-003,team_game_treb,192
2015-16,historical_exact_batch,refs/remotes/origin/treb-game-facts-2015-batch-003,player_game_treb_on,2049
2015-16,historical_exact_batch,refs/remotes/origin/treb-game-facts-2015-batch-004,team_game_treb,190
2015-16,historical_exact_batch,refs/remotes/origin/treb-game-facts-2015-batch-004,player_game_treb_on,2012
2015-16,historical_exact_batch,refs/remotes/origin/treb-game-facts-2015-batch-005,team_game_treb,194
2015-16,historical_exact_batch,refs/remotes/origin/treb-game-facts-2015-batch-005,player_game_treb_on,2034
2015-16,historical_exact_batch,refs/remotes/origin/treb-game-facts-2015-batch-006,team_game_treb,188
2015-16,historical_exact_batch,refs/remotes/origin/treb-game-facts-2015-batch-006,player_game_treb_on,2042
2015-16,historical_exact_batch,refs/remotes/origin/treb-game-facts-2015-batch-007,team_game_treb,194
2015-16,historical_exact_batch,refs/remotes/origin/treb-game-facts-2015-batch-007,player_game_treb_on,2012
2015-16,historical_exact_batch,refs/remotes/origin/treb-game-facts-2015-batch-008,team_game_treb,196
2015-16,historical_exact_batch,refs/remotes/origin/treb-game-facts-2015-batch-008,player_game_treb_on,2090
2015-16,historical_exact_batch,refs/remotes/origin/treb-game-facts-2015-batch-009,team_game_treb,190
2015-16,historical_exact_batch,refs/remotes/origin/treb-game-facts-2015-batch-009,player_game_treb_on,1978
2015-16,historical_exact_batch,refs/remotes/origin/treb-game-facts-2015-batch-010,team_game_treb,198
2015-16,historical_exact_batch,refs/remotes/origin/treb-game-facts-2015-batch-010,player_game_treb_on,2079
2015-16,historical_exact_batch,refs/remotes/origin/treb-game-facts-2015-batch-011,team_game_treb,182
2015-16,historical_exact_batch,refs/remotes/origin/treb-game-facts-2015-batch-011,player_game_treb_on,1893
2015-16,historical_exact_batch,refs/remotes/origin/treb-game-facts-2015-batch-012,team_game_treb,60
2015-16,historical_exact_batch,refs/remotes/origin/treb-game-facts-2015-batch-012,player_game_treb_on,612
2015-16,exact_repair_wave1,refs/remotes/origin/treb-game-fact-repair-wave1,team_game_treb,82
2015-16,exact_repair_wave1,refs/remotes/origin/treb-game-fact-repair-wave1,player_game_treb_on,859
2015-16,exact_fast_final_repair,refs/remotes/origin/treb-fast-final-repair-wave,team_game_treb,20
2015-16,exact_fast_final_repair,refs/remotes/origin/treb-fast-final-repair-wave,player_game_treb_on,199
2016-17,historical_exact_batch,refs/remotes/origin/treb-game-facts-2016-batch-000,team_game_treb,196
2016-17,historical_exact_batch,refs/remotes/origin/treb-game-facts-2016-batch-000,player_game_treb_on,2152
2016-17,historical_exact_batch,refs/remotes/origin/treb-game-facts-2016-batch-001,team_game_treb,192
2016-17,historical_exact_batch,refs/remotes/origin/treb-game-facts-2016-batch-001,player_game_treb_on,2069
2016-17,historical_exact_batch,refs/remotes/origin/treb-game-facts-2016-batch-002,team_game_treb,190
2016-17,historical_exact_batch,refs/remotes/origin/treb-game-facts-2016-batch-002,player_game_treb_on,2057
2016-17,historical_exact_batch,refs/remotes/origin/treb-game-facts-2016-batch-003,team_game_treb,192
2016-17,historical_exact_batch,refs/remotes/origin/treb-game-facts-2016-batch-003,player_game_treb_on,2036
2016-17,historical_exact_batch,refs/remotes/origin/treb-game-facts-2016-batch-004,team_game_treb,190
2016-17,historical_exact_batch,refs/remotes/origin/treb-game-facts-2016-batch-004,player_game_treb_on,2016
2016-17,historical_exact_batch,refs/remotes/origin/treb-game-facts-2016-batch-005,team_game_treb,192
2016-17,historical_exact_batch,refs/remotes/origin/treb-game-facts-2016-batch-005,player_game_treb_on,2023
2016-17,historical_exact_batch,refs/remotes/origin/treb-game-facts-2016-batch-006,team_game_treb,192
2016-17,historical_exact_batch,refs/remotes/origin/treb-game-facts-2016-batch-006,player_game_treb_on,2016
2016-17,historical_exact_batch,refs/remotes/origin/treb-game-facts-2016-batch-007,team_game_treb,194
2016-17,historical_exact_batch,refs/remotes/origin/treb-game-facts-2016-batch-007,player_game_treb_on,2048
2016-17,historical_exact_batch,refs/remotes/origin/treb-game-facts-2016-batch-008,team_game_treb,200
2016-17,historical_exact_batch,refs/remotes/origin/treb-game-facts-2016-batch-008,player_game_treb_on,2120
2016-17,historical_exact_batch,refs/remotes/origin/treb-game-facts-2016-batch-009,team_game_treb,198
2016-17,historical_exact_batch,refs/remotes/origin/treb-game-facts-2016-batch-009,player_game_treb_on,2095
2016-17,historical_exact_batch,refs/remotes/origin/treb-game-facts-2016-batch-010,team_game_treb,196
2016-17,historical_exact_batch,refs/remotes/origin/treb-game-facts-2016-batch-010,player_game_treb_on,2104
2016-17,historical_exact_batch,refs/remotes/origin/treb-game-facts-2016-batch-011,team_game_treb,190
2016-17,historical_exact_batch,refs/remotes/origin/treb-game-facts-2016-batch-011,player_game_treb_on,1953
2016-17,historical_exact_batch,refs/remotes/origin/treb-game-facts-2016-batch-012,team_game_treb,60
2016-17,historical_exact_batch,refs/remotes/origin/treb-game-facts-2016-batch-012,player_game_treb_on,635
2016-17,exact_repair_wave1,refs/remotes/origin/treb-game-fact-repair-wave1,team_game_treb,66
2016-17,exact_repair_wave1,refs/remotes/origin/treb-game-fact-repair-wave1,player_game_treb_on,692
2016-17,exact_fast_final_repair,refs/remotes/origin/treb-fast-final-repair-wave,team_game_treb,10
2016-17,exact_fast_final_repair,refs/remotes/origin/treb-fast-final-repair-wave,player_game_treb_on,98
2017-18,historical_exact_batch,refs/remotes/origin/treb-game-facts-2017-batch-000,team_game_treb,156
2017-18,historical_exact_batch,refs/remotes/origin/treb-game-facts-2017-batch-000,player_game_treb_on,1686
2017-18,historical_exact_batch,refs/remotes/origin/treb-game-facts-2017-batch-001,team_game_treb,166
2017-18,historical_exact_batch,refs/remotes/origin/treb-game-facts-2017-batch-001,player_game_treb_on,1780
2017-18,historical_exact_batch,refs/remotes/origin/treb-game-facts-2017-batch-002,team_game_treb,172
2017-18,historical_exact_batch,refs/remotes/origin/treb-game-facts-2017-batch-002,player_game_treb_on,1859
2017-18,historical_exact_batch,refs/remotes/origin/treb-game-facts-2017-batch-003,team_game_treb,180
2017-18,historical_exact_batch,refs/remotes/origin/treb-game-facts-2017-batch-003,player_game_treb_on,1897
2017-18,historical_exact_batch,refs/remotes/origin/treb-game-facts-2017-batch-004,team_game_treb,192
2017-18,historical_exact_batch,refs/remotes/origin/treb-game-facts-2017-batch-004,player_game_treb_on,2018
2017-18,historical_exact_batch,refs/remotes/origin/treb-game-facts-2017-batch-005,team_game_treb,180
2017-18,historical_exact_batch,refs/remotes/origin/treb-game-facts-2017-batch-005,player_game_treb_on,1903
2017-18,historical_exact_batch,refs/remotes/origin/treb-game-facts-2017-batch-006,team_game_treb,190
2017-18,historical_exact_batch,refs/remotes/origin/treb-game-facts-2017-batch-006,player_game_treb_on,1998
2017-18,historical_exact_batch,refs/remotes/origin/treb-game-facts-2017-batch-007,team_game_treb,188
2017-18,historical_exact_batch,refs/remotes/origin/treb-game-facts-2017-batch-007,player_game_treb_on,2008
2017-18,historical_exact_batch,refs/remotes/origin/treb-game-facts-2017-batch-008,team_game_treb,180
2017-18,historical_exact_batch,refs/remotes/origin/treb-game-facts-2017-batch-008,player_game_treb_on,1911
2017-18,historical_exact_batch,refs/remotes/origin/treb-game-facts-2017-batch-009,team_game_treb,188
2017-18,historical_exact_batch,refs/remotes/origin/treb-game-facts-2017-batch-009,player_game_treb_on,1980
2017-18,historical_exact_batch,refs/remotes/origin/treb-game-facts-2017-batch-010,team_game_treb,194
2017-18,historical_exact_batch,refs/remotes/origin/treb-game-facts-2017-batch-010,player_game_treb_on,2020
2017-18,historical_exact_batch,refs/remotes/origin/treb-game-facts-2017-batch-011,team_game_treb,188
2017-18,historical_exact_batch,refs/remotes/origin/treb-game-facts-2017-batch-011,player_game_treb_on,1985
2017-18,historical_exact_batch,refs/remotes/origin/treb-game-facts-2017-batch-012,team_game_treb,56
2017-18,historical_exact_batch,refs/remotes/origin/treb-game-facts-2017-batch-012,player_game_treb_on,607
2017-18,exact_repair_wave1,refs/remotes/origin/treb-game-fact-repair-wave1,team_game_treb,92
2017-18,exact_repair_wave1,refs/remotes/origin/treb-game-fact-repair-wave1,player_game_treb_on,955
2017-18,exact_fast_final_repair,refs/remotes/origin/treb-fast-final-repair-wave,team_game_treb,92
2017-18,exact_fast_final_repair,refs/remotes/origin/treb-fast-final-repair-wave,player_game_treb_on,988
2018-19,historical_exact_batch,refs/remotes/origin/treb-game-facts-2018-batch-000,team_game_treb,188
2018-19,historical_exact_batch,refs/remotes/origin/treb-game-facts-2018-batch-000,player_game_treb_on,2051
2018-19,historical_exact_batch,refs/remotes/origin/treb-game-facts-2018-batch-001,team_game_treb,184
2018-19,historical_exact_batch,refs/remotes/origin/treb-game-facts-2018-batch-001,player_game_treb_on,1949
2018-19,historical_exact_batch,refs/remotes/origin/treb-game-facts-2018-batch-002,team_game_treb,190
2018-19,historical_exact_batch,refs/remotes/origin/treb-game-facts-2018-batch-002,player_game_treb_on,2005
2018-19,historical_exact_batch,refs/remotes/origin/treb-game-facts-2018-batch-003,team_game_treb,170
2018-19,historical_exact_batch,refs/remotes/origin/treb-game-facts-2018-batch-003,player_game_treb_on,1812
2018-19,historical_exact_batch,refs/remotes/origin/treb-game-facts-2018-batch-004,team_game_treb,194
2018-19,historical_exact_batch,refs/remotes/origin/treb-game-facts-2018-batch-004,player_game_treb_on,2028
2018-19,historical_exact_batch,refs/remotes/origin/treb-game-facts-2018-batch-005,team_game_treb,180
2018-19,historical_exact_batch,refs/remotes/origin/treb-game-facts-2018-batch-005,player_game_treb_on,1924
2018-19,historical_exact_batch,refs/remotes/origin/treb-game-facts-2018-batch-006,team_game_treb,184
2018-19,historical_exact_batch,refs/remotes/origin/treb-game-facts-2018-batch-006,player_game_treb_on,1974
2018-19,historical_exact_batch,refs/remotes/origin/treb-game-facts-2018-batch-007,team_game_treb,192
2018-19,historical_exact_batch,refs/remotes/origin/treb-game-facts-2018-batch-007,player_game_treb_on,2010
2018-19,historical_exact_batch,refs/remotes/origin/treb-game-facts-2018-batch-008,team_game_treb,188
2018-19,historical_exact_batch,refs/remotes/origin/treb-game-facts-2018-batch-008,player_game_treb_on,1987
2018-19,historical_exact_batch,refs/remotes/origin/treb-game-facts-2018-batch-009,team_game_treb,190
2018-19,historical_exact_batch,refs/remotes/origin/treb-game-facts-2018-batch-009,player_game_treb_on,1985
2018-19,historical_exact_batch,refs/remotes/origin/treb-game-facts-2018-batch-010,team_game_treb,188
2018-19,historical_exact_batch,refs/remotes/origin/treb-game-facts-2018-batch-010,player_game_treb_on,1990
2018-19,historical_exact_batch,refs/remotes/origin/treb-game-facts-2018-batch-011,team_game_treb,190
2018-19,historical_exact_batch,refs/remotes/origin/treb-game-facts-2018-batch-011,player_game_treb_on,2005
2018-19,historical_exact_batch,refs/remotes/origin/treb-game-facts-2018-batch-012,team_game_treb,56
2018-19,historical_exact_batch,refs/remotes/origin/treb-game-facts-2018-batch-012,player_game_treb_on,575
2018-19,exact_repair_wave1,refs/remotes/origin/treb-game-fact-repair-wave1,team_game_treb,114
2018-19,exact_repair_wave1,refs/remotes/origin/treb-game-fact-repair-wave1,player_game_treb_on,1245
2018-19,exact_fast_final_repair,refs/remotes/origin/treb-fast-final-repair-wave,team_game_treb,40
2018-19,exact_fast_final_repair,refs/remotes/origin/treb-fast-final-repair-wave,player_game_treb_on,422
2019-20,historical_exact_batch,refs/remotes/origin/treb-game-facts-2019-batch-000,team_game_treb,188
2019-20,historical_exact_batch,refs/remotes/origin/treb-game-facts-2019-batch-000,player_game_treb_on,2017
2019-20,historical_exact_batch,refs/remotes/origin/treb-game-facts-2019-batch-001,team_game_treb,188
2019-20,historical_exact_batch,refs/remotes/origin/treb-game-facts-2019-batch-001,player_game_treb_on,1986
2019-20,historical_exact_batch,refs/remotes/origin/treb-game-facts-2019-batch-002,team_game_treb,194
2019-20,historical_exact_batch,refs/remotes/origin/treb-game-facts-2019-batch-002,player_game_treb_on,2052
2019-20,historical_exact_batch,refs/remotes/origin/treb-game-facts-2019-batch-003,team_game_treb,190
2019-20,historical_exact_batch,refs/remotes/origin/treb-game-facts-2019-batch-003,player_game_treb_on,2006
2019-20,historical_exact_batch,refs/remotes/origin/treb-game-facts-2019-batch-004,team_game_treb,186
2019-20,historical_exact_batch,refs/remotes/origin/treb-game-facts-2019-batch-004,player_game_treb_on,1976
2019-20,historical_exact_batch,refs/remotes/origin/treb-game-facts-2019-batch-005,team_game_treb,192
2019-20,historical_exact_batch,refs/remotes/origin/treb-game-facts-2019-batch-005,player_game_treb_on,2045
2019-20,historical_exact_batch,refs/remotes/origin/treb-game-facts-2019-batch-006,team_game_treb,188
2019-20,historical_exact_batch,refs/remotes/origin/treb-game-facts-2019-batch-006,player_game_treb_on,1992
2019-20,historical_exact_batch,refs/remotes/origin/treb-game-facts-2019-batch-007,team_game_treb,194
2019-20,historical_exact_batch,refs/remotes/origin/treb-game-facts-2019-batch-007,player_game_treb_on,2026
2019-20,historical_exact_batch,refs/remotes/origin/treb-game-facts-2019-batch-008,team_game_treb,186
2019-20,historical_exact_batch,refs/remotes/origin/treb-game-facts-2019-batch-008,player_game_treb_on,1945
2019-20,historical_exact_batch,refs/remotes/origin/treb-game-facts-2019-batch-009,team_game_treb,196
2019-20,historical_exact_batch,refs/remotes/origin/treb-game-facts-2019-batch-009,player_game_treb_on,2033
2019-20,historical_exact_batch,refs/remotes/origin/treb-game-facts-2019-batch-010,team_game_treb,108
2019-20,historical_exact_batch,refs/remotes/origin/treb-game-facts-2019-batch-010,player_game_treb_on,1167
2019-20,exact_repair_wave1,refs/remotes/origin/treb-game-fact-repair-wave1,team_game_treb,72
2019-20,exact_repair_wave1,refs/remotes/origin/treb-game-fact-repair-wave1,player_game_treb_on,760
2019-20,exact_fast_final_repair,refs/remotes/origin/treb-fast-final-repair-wave,team_game_treb,18
2019-20,exact_fast_final_repair,refs/remotes/origin/treb-fast-final-repair-wave,player_game_treb_on,181
2020-21,historical_exact_batch,refs/remotes/origin/treb-game-facts-2020-batch-000,team_game_treb,186
2020-21,historical_exact_batch,refs/remotes/origin/treb-game-facts-2020-batch-000,player_game_treb_on,2060
2020-21,historical_exact_batch,refs/remotes/origin/treb-game-facts-2020-batch-001,team_game_treb,192
2020-21,historical_exact_batch,refs/remotes/origin/treb-game-facts-2020-batch-001,player_game_treb_on,2042
2020-21,historical_exact_batch,refs/remotes/origin/treb-game-facts-2020-batch-002,team_game_treb,190
2020-21,historical_exact_batch,refs/remotes/origin/treb-game-facts-2020-batch-002,player_game_treb_on,2035
2020-21,historical_exact_batch,refs/remotes/origin/treb-game-facts-2020-batch-003,team_game_treb,192
2020-21,historical_exact_batch,refs/remotes/origin/treb-game-facts-2020-batch-003,player_game_treb_on,2009
2020-21,historical_exact_batch,refs/remotes/origin/treb-game-facts-2020-batch-004,team_game_treb,188
2020-21,historical_exact_batch,refs/remotes/origin/treb-game-facts-2020-batch-004,player_game_treb_on,1959
2020-21,historical_exact_batch,refs/remotes/origin/treb-game-facts-2020-batch-005,team_game_treb,194
2020-21,historical_exact_batch,refs/remotes/origin/treb-game-facts-2020-batch-005,player_game_treb_on,2029
2020-21,historical_exact_batch,refs/remotes/origin/treb-game-facts-2020-batch-006,team_game_treb,184
2020-21,historical_exact_batch,refs/remotes/origin/treb-game-facts-2020-batch-006,player_game_treb_on,1959
2020-21,historical_exact_batch,refs/remotes/origin/treb-game-facts-2020-batch-007,team_game_treb,194
2020-21,historical_exact_batch,refs/remotes/origin/treb-game-facts-2020-batch-007,player_game_treb_on,2109
2020-21,historical_exact_batch,refs/remotes/origin/treb-game-facts-2020-batch-008,team_game_treb,196
2020-21,historical_exact_batch,refs/remotes/origin/treb-game-facts-2020-batch-008,player_game_treb_on,2128
2020-21,historical_exact_batch,refs/remotes/origin/treb-game-facts-2020-batch-009,team_game_treb,188
2020-21,historical_exact_batch,refs/remotes/origin/treb-game-facts-2020-batch-009,player_game_treb_on,2018
2020-21,historical_exact_batch,refs/remotes/origin/treb-game-facts-2020-batch-010,team_game_treb,152
2020-21,historical_exact_batch,refs/remotes/origin/treb-game-facts-2020-batch-010,player_game_treb_on,1591
2020-21,exact_repair_wave1,refs/remotes/origin/treb-game-fact-repair-wave1,team_game_treb,82
2020-21,exact_repair_wave1,refs/remotes/origin/treb-game-fact-repair-wave1,player_game_treb_on,900
2020-21,exact_fast_final_repair,refs/remotes/origin/treb-fast-final-repair-wave,team_game_treb,14
2020-21,exact_fast_final_repair,refs/remotes/origin/treb-fast-final-repair-wave,player_game_treb_on,136
2021-22,historical_exact_batch,refs/remotes/origin/treb-game-facts-2021-batch-000,team_game_treb,194
2021-22,historical_exact_batch,refs/remotes/origin/treb-game-facts-2021-batch-000,player_game_treb_on,2152
2021-22,historical_exact_batch,refs/remotes/origin/treb-game-facts-2021-batch-001,team_game_treb,188
2021-22,historical_exact_batch,refs/remotes/origin/treb-game-facts-2021-batch-001,player_game_treb_on,2009
2021-22,historical_exact_batch,refs/remotes/origin/treb-game-facts-2021-batch-002,team_game_treb,182
2021-22,historical_exact_batch,refs/remotes/origin/treb-game-facts-2021-batch-002,player_game_treb_on,1995
2021-22,historical_exact_batch,refs/remotes/origin/treb-game-facts-2021-batch-003,team_game_treb,186
2021-22,historical_exact_batch,refs/remotes/origin/treb-game-facts-2021-batch-003,player_game_treb_on,2004
2021-22,historical_exact_batch,refs/remotes/origin/treb-game-facts-2021-batch-004,team_game_treb,188
2021-22,historical_exact_batch,refs/remotes/origin/treb-game-facts-2021-batch-004,player_game_treb_on,1969
2021-22,historical_exact_batch,refs/remotes/origin/treb-game-facts-2021-batch-005,team_game_treb,192
2021-22,historical_exact_batch,refs/remotes/origin/treb-game-facts-2021-batch-005,player_game_treb_on,2034
2021-22,historical_exact_batch,refs/remotes/origin/treb-game-facts-2021-batch-006,team_game_treb,192
2021-22,historical_exact_batch,refs/remotes/origin/treb-game-facts-2021-batch-006,player_game_treb_on,2027
2021-22,historical_exact_batch,refs/remotes/origin/treb-game-facts-2021-batch-007,team_game_treb,184
2021-22,historical_exact_batch,refs/remotes/origin/treb-game-facts-2021-batch-007,player_game_treb_on,1962
2021-22,historical_exact_batch,refs/remotes/origin/treb-game-facts-2021-batch-008,team_game_treb,190
2021-22,historical_exact_batch,refs/remotes/origin/treb-game-facts-2021-batch-008,player_game_treb_on,1968
2021-22,historical_exact_batch,refs/remotes/origin/treb-game-facts-2021-batch-009,team_game_treb,180
2021-22,historical_exact_batch,refs/remotes/origin/treb-game-facts-2021-batch-009,player_game_treb_on,1885
2021-22,historical_exact_batch,refs/remotes/origin/treb-game-facts-2021-batch-010,team_game_treb,174
2021-22,historical_exact_batch,refs/remotes/origin/treb-game-facts-2021-batch-010,player_game_treb_on,1807
2021-22,historical_exact_batch,refs/remotes/origin/treb-game-facts-2021-batch-011,team_game_treb,184
2021-22,historical_exact_batch,refs/remotes/origin/treb-game-facts-2021-batch-011,player_game_treb_on,1887
2021-22,historical_exact_batch,refs/remotes/origin/treb-game-facts-2021-batch-012,team_game_treb,58
2021-22,historical_exact_batch,refs/remotes/origin/treb-game-facts-2021-batch-012,player_game_treb_on,609
2021-22,exact_repair_wave1,refs/remotes/origin/treb-game-fact-repair-wave1,team_game_treb,114
2021-22,exact_repair_wave1,refs/remotes/origin/treb-game-fact-repair-wave1,player_game_treb_on,1174
2021-22,exact_fast_final_repair,refs/remotes/origin/treb-fast-final-repair-wave,team_game_treb,42
2021-22,exact_fast_final_repair,refs/remotes/origin/treb-fast-final-repair-wave,player_game_treb_on,433
2022-23,historical_exact_batch,refs/remotes/origin/treb-game-facts-2022-batch-000,team_game_treb,184
2022-23,historical_exact_batch,refs/remotes/origin/treb-game-facts-2022-batch-000,player_game_treb_on,2052
2022-23,historical_exact_batch,refs/remotes/origin/treb-game-facts-2022-batch-001,team_game_treb,188
2022-23,historical_exact_batch,refs/remotes/origin/treb-game-facts-2022-batch-001,player_game_treb_on,1986
2022-23,historical_exact_batch,refs/remotes/origin/treb-game-facts-2022-batch-002,team_game_treb,180
2022-23,historical_exact_batch,refs/remotes/origin/treb-game-facts-2022-batch-002,player_game_treb_on,1910
2022-23,historical_exact_batch,refs/remotes/origin/treb-game-facts-2022-batch-003,team_game_treb,176
2022-23,historical_exact_batch,refs/remotes/origin/treb-game-facts-2022-batch-003,player_game_treb_on,1839
2022-23,historical_exact_batch,refs/remotes/origin/treb-game-facts-2022-batch-004,team_game_treb,186
2022-23,historical_exact_batch,refs/remotes/origin/treb-game-facts-2022-batch-004,player_game_treb_on,1978
2022-23,historical_exact_batch,refs/remotes/origin/treb-game-facts-2022-batch-005,team_game_treb,180
2022-23,historical_exact_batch,refs/remotes/origin/treb-game-facts-2022-batch-005,player_game_treb_on,1876
2022-23,historical_exact_batch,refs/remotes/origin/treb-game-facts-2022-batch-006,team_game_treb,184
2022-23,historical_exact_batch,refs/remotes/origin/treb-game-facts-2022-batch-006,player_game_treb_on,1908
2022-23,historical_exact_batch,refs/remotes/origin/treb-game-facts-2022-batch-007,team_game_treb,180
2022-23,historical_exact_batch,refs/remotes/origin/treb-game-facts-2022-batch-007,player_game_treb_on,1834
2022-23,historical_exact_batch,refs/remotes/origin/treb-game-facts-2022-batch-008,team_game_treb,188
2022-23,historical_exact_batch,refs/remotes/origin/treb-game-facts-2022-batch-008,player_game_treb_on,1965
2022-23,historical_exact_batch,refs/remotes/origin/treb-game-facts-2022-batch-009,team_game_treb,192
2022-23,historical_exact_batch,refs/remotes/origin/treb-game-facts-2022-batch-009,player_game_treb_on,1987
2022-23,historical_exact_batch,refs/remotes/origin/treb-game-facts-2022-batch-010,team_game_treb,184
2022-23,historical_exact_batch,refs/remotes/origin/treb-game-facts-2022-batch-010,player_game_treb_on,1905
2022-23,historical_exact_batch,refs/remotes/origin/treb-game-facts-2022-batch-011,team_game_treb,180
2022-23,historical_exact_batch,refs/remotes/origin/treb-game-facts-2022-batch-011,player_game_treb_on,1907
2022-23,historical_exact_batch,refs/remotes/origin/treb-game-facts-2022-batch-012,team_game_treb,56
2022-23,historical_exact_batch,refs/remotes/origin/treb-game-facts-2022-batch-012,player_game_treb_on,590
2022-23,exact_repair_wave1,refs/remotes/origin/treb-game-fact-repair-wave1,team_game_treb,114
2022-23,exact_repair_wave1,refs/remotes/origin/treb-game-fact-repair-wave1,player_game_treb_on,1220
2022-23,exact_fast_final_repair,refs/remotes/origin/treb-fast-final-repair-wave,team_game_treb,50
2022-23,exact_fast_final_repair,refs/remotes/origin/treb-fast-final-repair-wave,player_game_treb_on,520
2023-24,historical_exact_batch,refs/remotes/origin/treb-game-facts-2023-batch-000,team_game_treb,192
2023-24,historical_exact_batch,refs/remotes/origin/treb-game-facts-2023-batch-000,player_game_treb_on,2058
2023-24,historical_exact_batch,refs/remotes/origin/treb-game-facts-2023-batch-001,team_game_treb,188
2023-24,historical_exact_batch,refs/remotes/origin/treb-game-facts-2023-batch-001,player_game_treb_on,2050
2023-24,historical_exact_batch,refs/remotes/origin/treb-game-facts-2023-batch-002,team_game_treb,184
2023-24,historical_exact_batch,refs/remotes/origin/treb-game-facts-2023-batch-002,player_game_treb_on,1936
2023-24,historical_exact_batch,refs/remotes/origin/treb-game-facts-2023-batch-003,team_game_treb,194
2023-24,historical_exact_batch,refs/remotes/origin/treb-game-facts-2023-batch-003,player_game_treb_on,2115
2023-24,historical_exact_batch,refs/remotes/origin/treb-game-facts-2023-batch-004,team_game_treb,196
2023-24,historical_exact_batch,refs/remotes/origin/treb-game-facts-2023-batch-004,player_game_treb_on,2133
2023-24,historical_exact_batch,refs/remotes/origin/treb-game-facts-2023-batch-005,team_game_treb,194
2023-24,historical_exact_batch,refs/remotes/origin/treb-game-facts-2023-batch-005,player_game_treb_on,2081
2023-24,historical_exact_batch,refs/remotes/origin/treb-game-facts-2023-batch-006,team_game_treb,192
2023-24,historical_exact_batch,refs/remotes/origin/treb-game-facts-2023-batch-006,player_game_treb_on,2051
2023-24,historical_exact_batch,refs/remotes/origin/treb-game-facts-2023-batch-007,team_game_treb,194
2023-24,historical_exact_batch,refs/remotes/origin/treb-game-facts-2023-batch-007,player_game_treb_on,2107
2023-24,historical_exact_batch,refs/remotes/origin/treb-game-facts-2023-batch-008,team_game_treb,190
2023-24,historical_exact_batch,refs/remotes/origin/treb-game-facts-2023-batch-008,player_game_treb_on,2011
2023-24,historical_exact_batch,refs/remotes/origin/treb-game-facts-2023-batch-009,team_game_treb,194
2023-24,historical_exact_batch,refs/remotes/origin/treb-game-facts-2023-batch-009,player_game_treb_on,2039
2023-24,historical_exact_batch,refs/remotes/origin/treb-game-facts-2023-batch-010,team_game_treb,190
2023-24,historical_exact_batch,refs/remotes/origin/treb-game-facts-2023-batch-010,player_game_treb_on,2023
2023-24,historical_exact_batch,refs/remotes/origin/treb-game-facts-2023-batch-011,team_game_treb,188
2023-24,historical_exact_batch,refs/remotes/origin/treb-game-facts-2023-batch-011,player_game_treb_on,2064
2023-24,historical_exact_batch,refs/remotes/origin/treb-game-facts-2023-batch-012,team_game_treb,54
2023-24,historical_exact_batch,refs/remotes/origin/treb-game-facts-2023-batch-012,player_game_treb_on,561
2023-24,exact_repair_wave1,refs/remotes/origin/treb-game-fact-repair-wave1,team_game_treb,84
2023-24,exact_repair_wave1,refs/remotes/origin/treb-game-fact-repair-wave1,player_game_treb_on,901
2023-24,exact_fast_final_repair,refs/remotes/origin/treb-fast-final-repair-wave,team_game_treb,20
2023-24,exact_fast_final_repair,refs/remotes/origin/treb-fast-final-repair-wave,player_game_treb_on,198
2024-25,historical_exact_batch,refs/remotes/origin/treb-game-facts-2024-batch-000,team_game_treb,186
2024-25,historical_exact_batch,refs/remotes/origin/treb-game-facts-2024-batch-000,player_game_treb_on,2035
2024-25,historical_exact_batch,refs/remotes/origin/treb-game-facts-2024-batch-001,team_game_treb,194
2024-25,historical_exact_batch,refs/remotes/origin/treb-game-facts-2024-batch-001,player_game_treb_on,2125
2024-25,historical_exact_batch,refs/remotes/origin/treb-game-facts-2024-batch-002,team_game_treb,182
2024-25,historical_exact_batch,refs/remotes/origin/treb-game-facts-2024-batch-002,player_game_treb_on,1953
2024-25,historical_exact_batch,refs/remotes/origin/treb-game-facts-2024-batch-003,team_game_treb,184
2024-25,historical_exact_batch,refs/remotes/origin/treb-game-facts-2024-batch-003,player_game_treb_on,1952
2024-25,historical_exact_batch,refs/remotes/origin/treb-game-facts-2024-batch-004,team_game_treb,188
2024-25,historical_exact_batch,refs/remotes/origin/treb-game-facts-2024-batch-004,player_game_treb_on,1994
2024-25,historical_exact_batch,refs/remotes/origin/treb-game-facts-2024-batch-005,team_game_treb,188
2024-25,historical_exact_batch,refs/remotes/origin/treb-game-facts-2024-batch-005,player_game_treb_on,2028
2024-25,historical_exact_batch,refs/remotes/origin/treb-game-facts-2024-batch-006,team_game_treb,194
2024-25,historical_exact_batch,refs/remotes/origin/treb-game-facts-2024-batch-006,player_game_treb_on,2085
2024-25,historical_exact_batch,refs/remotes/origin/treb-game-facts-2024-batch-007,team_game_treb,188
2024-25,historical_exact_batch,refs/remotes/origin/treb-game-facts-2024-batch-007,player_game_treb_on,1995
2024-25,historical_exact_batch,refs/remotes/origin/treb-game-facts-2024-batch-008,team_game_treb,190
2024-25,historical_exact_batch,refs/remotes/origin/treb-game-facts-2024-batch-008,player_game_treb_on,2022
2024-25,historical_exact_batch,refs/remotes/origin/treb-game-facts-2024-batch-009,team_game_treb,186
2024-25,historical_exact_batch,refs/remotes/origin/treb-game-facts-2024-batch-009,player_game_treb_on,1944
2024-25,historical_exact_batch,refs/remotes/origin/treb-game-facts-2024-batch-010,team_game_treb,194
2024-25,historical_exact_batch,refs/remotes/origin/treb-game-facts-2024-batch-010,player_game_treb_on,2062
2024-25,historical_exact_batch,refs/remotes/origin/treb-game-facts-2024-batch-011,team_game_treb,196
2024-25,historical_exact_batch,refs/remotes/origin/treb-game-facts-2024-batch-011,player_game_treb_on,2073
2024-25,historical_exact_batch,refs/remotes/origin/treb-game-facts-2024-batch-012,team_game_treb,54
2024-25,historical_exact_batch,refs/remotes/origin/treb-game-facts-2024-batch-012,player_game_treb_on,567
2024-25,exact_repair_wave1,refs/remotes/origin/treb-game-fact-repair-wave1,team_game_treb,96
2024-25,exact_repair_wave1,refs/remotes/origin/treb-game-fact-repair-wave1,player_game_treb_on,1053
2024-25,exact_fast_final_repair,refs/remotes/origin/treb-fast-final-repair-wave,team_game_treb,16
2024-25,exact_fast_final_repair,refs/remotes/origin/treb-fast-final-repair-wave,player_game_treb_on,176
