expected_team_games,extra_ledger_games,game_ids,ledger_games,matched_windows,player_id,prior_status,prior_tenure_identity_source,reconstructed_games,season,status,team_id,window_provenance
82,0,0020100006|0020100019|0020100026|0020100045|0020100059|0020100074|0020100091|0020100111|0020100117|0020100138|0020100150|0020100156|0020100170|0020100185|0020100201|0020100217|0020100236|0020100240|0020100259|0020100282|0020100289|0020100297|0020100310|0020100325|0020100342|0020100359|0020100376|0020100392|0020100403|0020100420|0020100438|0020100445|0020100463|0020100484|0020100496|0020100515|0020100523|0020100529|0020100546|0020100565|0020100574|0020100586|0020100602|0020100619|0020100630|0020100645|0020100668|0020100682|0020100688|0020100706|0020100714|0020100735|0020100743|0020100754|0020100771|0020100783|0020100805|0020100834|0020100846|0020100857|0020100872|0020100889|0020100905|0020100925|0020100943|0020100950|0020100962|0020100974|0020100989|0020101012|0020101027|0020101032|0020101051|0020101078|0020101093|0020101110|0020101119|0020101133|0020101149|0020101161|0020101171|0020101185,74,1,762,BLOCKED_VALIDATION,schedule_audited_tenure_identity,82,2001-02,EXACT_RETAINED_SCHEDULE_AUDITED_TENURE_IDENTITY,1610612742,"[{""tenure_start"":""2001-10-30"",""tenure_end"":""2002-04-17"",""team_games_in_window"":82,""start_source"":""core affiliation + no in-season acquisition event"",""end_source"":""core affiliation + no in-season departure event"",""confidence"":""high"",""same_day_resolution"":""not_applicable_no_transaction_boundary"",""audit_flags"":[]}]"
82,0,0020100006|0020100020|0020100031|0020100047|0020100067|0020100095|0020100117|0020100133|0020100147|0020100155|0020100172|0020100183|0020100194|0020100206|0020100219|0020100229|0020100245|0020100257|0020100286|0020100309|0020100332|0020100347|0020100356|0020100369|0020100380|0020100402|0020100407|0020100424|0020100439|0020100446|0020100461|0020100476|0020100482|0020100503|0020100513|0020100530|0020100550|0020100561|0020100573|0020100592|0020100608|0020100625|0020100638|0020100652|0020100661|0020100681|0020100695|0020100701|0020100716|0020100723|0020100750|0020100761|0020100775|0020100792|0020100814|0020100826|0020100841|0020100855|0020100869|0020100876|0020100895|0020100918|0020100930|0020100938|0020100953|0020100963|0020100976|0020100986|0020100997|0020101009|0020101020|0020101037|0020101056|0020101060|0020101070|0020101082|0020101106|0020101127|0020101142|0020101150|0020101167|0020101181,48,1,2349,BLOCKED_VALIDATION,schedule_audited_tenure_identity,82,2001-02,EXACT_RETAINED_SCHEDULE_AUDITED_TENURE_IDENTITY,1610612765,"[{""tenure_start"":""2001-10-30"",""tenure_end"":""2002-04-17"",""team_games_in_window"":82,""start_source"":""core affiliation + no in-season acquisition event"",""end_source"":""core affiliation + no in-season departure event"",""confidence"":""high"",""same_day_resolution"":""not_applicable_no_transaction_boundary"",""audit_flags"":[]}]"
82,0,0020100006|0020100020|0020100031|0020100047|0020100067|0020100095|0020100117|0020100133|0020100147|0020100155|0020100172|0020100183|0020100194|0020100206|0020100219|0020100229|0020100245|0020100257|0020100286|0020100309|0020100332|0020100347|0020100356|0020100369|0020100380|0020100402|0020100407|0020100424|0020100439|0020100446|0020100461|0020100476|0020100482|0020100503|0020100513|0020100530|0020100550|0020100561|0020100573|0020100592|0020100608|0020100625|0020100638|0020100652|0020100661|0020100681|0020100695|0020100701|0020100716|0020100723|0020100750|0020100761|0020100775|0020100792|0020100814|0020100826|0020100841|0020100855|0020100869|0020100876|0020100895|0020100918|0020100930|0020100938|0020100953|0020100963|0020100976|0020100986|0020100997|0020101009|0020101020|0020101037|0020101056|0020101060|0020101070|0020101082|0020101106|0020101127|0020101142|0020101150|0020101167|0020101181,82,1,722,BLOCKED_VALIDATION,exact_v3_roster_ledger_tenure_identity,82,2001-02,EXACT_RETAINED_SCHEDULE_AUDITED_TENURE_IDENTITY,1610612765,"[{""tenure_start"":""2001-10-30"",""tenure_end"":""2002-04-17"",""team_games_in_window"":82,""start_source"":""core affiliation + no in-season acquisition event"",""end_source"":""core affiliation + no in-season departure event"",""confidence"":""high"",""same_day_resolution"":""not_applicable_no_transaction_boundary"",""audit_flags"":[]}]"
82,0,0020500002|0020500016|0020500027|0020500045|0020500067|0020500078|0020500093|0020500105|0020500112|0020500125|0020500143|0020500150|0020500160|0020500177|0020500196|0020500213|0020500225|0020500237|0020500254|0020500271|0020500282|0020500302|0020500319|0020500327|0020500342|0020500368|0020500382|0020500396|0020500403|0020500416|0020500431|0020500440|0020500455|0020500468|0020500483|0020500498|0020500519|0020500525|0020500540|0020500559|0020500572|0020500583|0020500595|0020500613|0020500628|0020500639|0020500660|0020500671|0020500692|0020500705|0020500722|0020500734|0020500750|0020500774|0020500787|0020500808|0020500835|0020500849|0020500861|0020500872|0020500886|0020500907|0020500910|0020500926|0020500937|0020500953|0020500971|0020500976|0020501008|0020501024|0020501030|0020501062|0020501075|0020501087|0020501107|0020501120|0020501137|0020501154|0020501171|0020501192|0020501209|0020501230,81,1,1761,BLOCKED_VALIDATION,schedule_audited_tenure_identity,82,2005-06,EXACT_RETAINED_SCHEDULE_AUDITED_TENURE_IDENTITY,1610612743,"[{""tenure_start"":""2005-11-01"",""tenure_end"":""2006-04-19"",""team_games_in_window"":82,""start_source"":""core affiliation + no in-season acquisition event"",""end_source"":""core affiliation + no in-season departure event"",""confidence"":""high"",""same_day_resolution"":""not_applicable_no_transaction_boundary"",""audit_flags"":[]}]"
82,0,0021000003|0021000015|0021000037|0021000059|0021000084|0021000092|0021000111|0021000122|0021000142|0021000156|0021000164|0021000173|0021000198|0021000217|0021000222|0021000247|0021000252|0021000269|0021000281|0021000290|0021000313|0021000336|0021000347|0021000364|0021000374|0021000389|0021000404|0021000413|0021000429|0021000451|0021000469|0021000480|0021000496|0021000503|0021000519|0021000529|0021000543|0021000552|0021000568|0021000582|0021000587|0021000602|0021000619|0021000635|0021000648|0021000659|0021000674|0021000679|0021000698|0021000718|0021000728|0021000749|0021000762|0021000772|0021000801|0021000817|0021000832|0021000840|0021000847|0021000876|0021000885|0021000901|0021000911|0021000927|0021000946|0021000952|0021000983|0021000996|0021001009|0021001024|0021001040|0021001062|0021001089|0021001102|0021001108|0021001128|0021001146|0021001158|0021001169|0021001189|0021001209|0021001224,81,1,201584,BLOCKED_VALIDATION,schedule_audited_tenure_identity,82,2010-11,EXACT_RETAINED_SCHEDULE_AUDITED_TENURE_IDENTITY,1610612745,"[{""tenure_start"":""2010-10-26"",""tenure_end"":""2011-04-13"",""team_games_in_window"":82,""start_source"":""core affiliation + no in-season acquisition event"",""end_source"":""core affiliation + no in-season departure event"",""confidence"":""high"",""same_day_resolution"":""not_applicable_no_transaction_boundary"",""audit_flags"":[]}]"
72,0,0022000004|0022000008|0022000031|0022000059|0022000071|0022000090|0022000098|0022000120|0022000139|0022000154|0022000164|0022000182|0022000198|0022000210|0022000217|0022000237|0022000247|0022000265|0022000282|0022000297|0022000303|0022000319|0022000330|0022000339|0022000360|0022000370|0022000384|0022000399|0022000411|0022000442|0022000456|0022000476|0022000485|0022000498|0022000519|0022000529|0022000549|0022000567|0022000575|0022000592|0022000605|0022000625|0022000639|0022000652|0022000673|0022000690|0022000698|0022000713|0022000723|0022000739|0022000747|0022000764|0022000786|0022000810|0022000818|0022000837|0022000854|0022000866|0022000897|0022000908|0022000926|0022000932|0022000943|0022000964|0022000970|0022000986|0022000998|0022001007|0022001021|0022001037|0022001057|0022001071,60,1,1626196,BLOCKED_VALIDATION,schedule_audited_tenure_identity,72,2020-21,EXACT_RETAINED_SCHEDULE_AUDITED_TENURE_IDENTITY,1610612742,"[{""tenure_start"":""2020-12-22"",""tenure_end"":""2021-05-16"",""team_games_in_window"":72,""start_source"":""core affiliation + no in-season acquisition event"",""end_source"":""core affiliation + no in-season departure event"",""confidence"":""high"",""same_day_resolution"":""not_applicable_no_transaction_boundary"",""audit_flags"":[]}]"
72,0,0022000004|0022000008|0022000031|0022000059|0022000071|0022000090|0022000098|0022000120|0022000139|0022000154|0022000164|0022000182|0022000198|0022000210|0022000217|0022000237|0022000247|0022000265|0022000282|0022000297|0022000303|0022000319|0022000330|0022000339|0022000360|0022000370|0022000384|0022000399|0022000411|0022000442|0022000456|0022000476|0022000485|0022000498|0022000519|0022000529|0022000549|0022000567|0022000575|0022000592|0022000605|0022000625|0022000639|0022000652|0022000673|0022000690|0022000698|0022000713|0022000723|0022000739|0022000747|0022000764|0022000786|0022000810|0022000818|0022000837|0022000854|0022000866|0022000897|0022000908|0022000926|0022000932|0022000943|0022000964|0022000970|0022000986|0022000998|0022001007|0022001021|0022001037|0022001057|0022001071,61,1,1627827,BLOCKED_VALIDATION,schedule_audited_tenure_identity,72,2020-21,EXACT_RETAINED_SCHEDULE_AUDITED_TENURE_IDENTITY,1610612742,"[{""tenure_start"":""2020-12-22"",""tenure_end"":""2021-05-16"",""team_games_in_window"":72,""start_source"":""core affiliation + no in-season acquisition event"",""end_source"":""core affiliation + no in-season departure event"",""confidence"":""high"",""same_day_resolution"":""not_applicable_no_transaction_boundary"",""audit_flags"":[]}]"
72,0,0022000004|0022000008|0022000031|0022000059|0022000071|0022000090|0022000098|0022000120|0022000139|0022000154|0022000164|0022000182|0022000198|0022000210|0022000217|0022000237|0022000247|0022000265|0022000282|0022000297|0022000303|0022000319|0022000330|0022000339|0022000360|0022000370|0022000384|0022000399|0022000411|0022000442|0022000456|0022000476|0022000485|0022000498|0022000519|0022000529|0022000549|0022000567|0022000575|0022000592|0022000605|0022000625|0022000639|0022000652|0022000673|0022000690|0022000698|0022000713|0022000723|0022000739|0022000747|0022000764|0022000786|0022000810|0022000818|0022000837|0022000854|0022000866|0022000897|0022000908|0022000926|0022000932|0022000943|0022000964|0022000970|0022000986|0022000998|0022001007|0022001021|0022001037|0022001057|0022001071,68,1,1629029,BLOCKED_VALIDATION,schedule_audited_tenure_identity,72,2020-21,EXACT_RETAINED_SCHEDULE_AUDITED_TENURE_IDENTITY,1610612742,"[{""tenure_start"":""2020-12-22"",""tenure_end"":""2021-05-16"",""team_games_in_window"":72,""start_source"":""core affiliation + no in-season acquisition event"",""end_source"":""core affiliation + no in-season departure event"",""confidence"":""high"",""same_day_resolution"":""not_applicable_no_transaction_boundary"",""audit_flags"":[]}]"
72,0,0022000004|0022000008|0022000031|0022000059|0022000071|0022000090|0022000098|0022000120|0022000139|0022000154|0022000164|0022000182|0022000198|0022000210|0022000217|0022000237|0022000247|0022000265|0022000282|0022000297|0022000303|0022000319|0022000330|0022000339|0022000360|0022000370|0022000384|0022000399|0022000411|0022000442|0022000456|0022000476|0022000485|0022000498|0022000519|0022000529|0022000549|0022000567|0022000575|0022000592|0022000605|0022000625|0022000639|0022000652|0022000673|0022000690|0022000698|0022000713|0022000723|0022000739|0022000747|0022000764|0022000786|0022000810|0022000818|0022000837|0022000854|0022000866|0022000897|0022000908|0022000926|0022000932|0022000943|0022000964|0022000970|0022000986|0022000998|0022001007|0022001021|0022001037|0022001057|0022001071,71,1,203501,BLOCKED_VALIDATION,schedule_audited_tenure_identity,72,2020-21,EXACT_RETAINED_SCHEDULE_AUDITED_TENURE_IDENTITY,1610612742,"[{""tenure_start"":""2020-12-22"",""tenure_end"":""2021-05-16"",""team_games_in_window"":72,""start_source"":""core affiliation + no in-season acquisition event"",""end_source"":""core affiliation + no in-season departure event"",""confidence"":""high"",""same_day_resolution"":""not_applicable_no_transaction_boundary"",""audit_flags"":[]}]"
72,0,0022000004|0022000008|0022000031|0022000059|0022000071|0022000090|0022000098|0022000120|0022000139|0022000154|0022000164|0022000182|0022000198|0022000210|0022000217|0022000237|0022000247|0022000265|0022000282|0022000297|0022000303|0022000319|0022000330|0022000339|0022000360|0022000370|0022000384|0022000399|0022000411|0022000442|0022000456|0022000476|0022000485|0022000498|0022000519|0022000529|0022000549|0022000567|0022000575|0022000592|0022000605|0022000625|0022000639|0022000652|0022000673|0022000690|0022000698|0022000713|0022000723|0022000739|0022000747|0022000764|0022000786|0022000810|0022000818|0022000837|0022000854|0022000866|0022000897|0022000908|0022000926|0022000932|0022000943|0022000964|0022000970|0022000986|0022000998|0022001007|0022001021|0022001037|0022001057|0022001071,70,1,203504,BLOCKED_VALIDATION,schedule_audited_tenure_identity,72,2020-21,EXACT_RETAINED_SCHEDULE_AUDITED_TENURE_IDENTITY,1610612742,"[{""tenure_start"":""2020-12-22"",""tenure_end"":""2021-05-16"",""team_games_in_window"":72,""start_source"":""core affiliation + no in-season acquisition event"",""end_source"":""core affiliation + no in-season departure event"",""confidence"":""high"",""same_day_resolution"":""not_applicable_no_transaction_boundary"",""audit_flags"":[]}]"
82,0,0022100002|0022100016|0022100039|0022100051|0022100070|0022100086|0022100117|0022100130|0022100145|0022100152|0022100169|0022100183|0022100194|0022100210|0022100224|0022100231|0022100252|0022100278|0022100290|0022100300|0022100316|0022100340|0022100346|0022100361|0022100376|0022100396|0022100405|0022100414|0022100435|0022100443|0022100462|0022100485|0022100490|0022100514|0022100528|0022100544|0022100559|0022100572|0022100580|0022100604|0022100614|0022100627|0022100637|0022100652|0022100667|0022100683|0022100694|0022100708|0022100720|0022100734|0022100750|0022100764|0022100771|0022100785|0022100813|0022100828|0022100837|0022100854|0022100866|0022100883|0022100894|0022100917|0022100930|0022100943|0022100959|0022100980|0022100994|0022101008|0022101025|0022101042|0022101070|0022101080|0022101088|0022101102|0022101117|0022101129|0022101145|0022101165|0022101176|0022101202|0022101215|0022101225,0,1,203490,BLOCKED_VALIDATION,schedule_audited_tenure_identity,82,2021-22,EXACT_RETAINED_SCHEDULE_AUDITED_TENURE_IDENTITY,1610612744,"[{""tenure_start"":""2021-10-19"",""tenure_end"":""2022-04-10"",""team_games_in_window"":82,""start_source"":""core affiliation + no in-season acquisition event"",""end_source"":""core affiliation + no in-season departure event"",""confidence"":""high"",""same_day_resolution"":""not_applicable_no_transaction_boundary"",""audit_flags"":[]}]"
82,0,0022200012|0022200026|0022200035|0022200051|0022200064|0022200078|0022200095|0022200119|0022200138|0022200154|0022200160|0022200176|0022200196|0022200219|0022200230|0022200246|0022200258|0022200268|0022200285|0022200305|0022200320|0022200327|0022200344|0022200362|0022200376|0022200393|0022200422|0022200437|0022200450|0022200465|0022200489|0022200497|0022200514|0022200522|0022200535|0022200549|0022200557|0022200579|0022200588|0022200609|0022200624|0022200639|0022200653|0022200667|0022200676|0022200688|0022200702|0022200716|0022200723|0022200741|0022200768|0022200783|0022200801|0022200806|0022200820|0022200831|0022200847|0022200861|0022200881|0022200886|0022200907|0022200918|0022200926|0022200952|0022200975|0022200989|0022201002|0022201014|0022201029|0022201042|0022201055|0022201063|0022201083|0022201109|0022201126|0022201147|0022201160|0022201175|0022201183|0022201201|0022201213|0022201227,68,1,203932,BLOCKED_VALIDATION,schedule_audited_tenure_identity,82,2022-23,EXACT_RETAINED_SCHEDULE_AUDITED_TENURE_IDENTITY,1610612743,"[{""tenure_start"":""2022-10-18"",""tenure_end"":""2023-04-09"",""team_games_in_window"":82,""start_source"":""core affiliation + no in-season acquisition event"",""end_source"":""core affiliation + no in-season departure event"",""confidence"":""high"",""same_day_resolution"":""not_applicable_no_transaction_boundary"",""audit_flags"":[]}]"
82,0,0022200014|0022200027|0022200037|0022200051|0022200065|0022200080|0022200116|0022200130|0022200139|0022200150|0022200159|0022200175|0022200190|0022200209|0022200221|0022200238|0022200251|0022200261|0022200274|0022200290|0022200311|0022200324|0022200343|0022200351|0022200376|0022200394|0022200407|0022200420|0022200436|0022200441|0022200458|0022200474|0022200489|0022200504|0022200536|0022200559|0022200571|0022200580|0022200597|0022200616|0022200631|0022200647|0022200654|0022200667|0022200682|0022200705|0022200711|0022200727|0022200751|0022200763|0022200771|0022200787|0022200796|0022200815|0022200830|0022200843|0022200867|0022200872|0022200894|0022200917|0022200931|0022200941|0022200947|0022200966|0022200977|0022200986|0022200998|0022201017|0022201034|0022201053|0022201069|0022201091|0022201104|0022201120|0022201127|0022201145|0022201159|0022201166|0022201184|0022201199|0022201215|0022201230,62,1,1629014,BLOCKED_VALIDATION,schedule_audited_tenure_identity,82,2022-23,EXACT_RETAINED_SCHEDULE_AUDITED_TENURE_IDENTITY,1610612757,"[{""tenure_start"":""2022-10-18"",""tenure_end"":""2023-04-09"",""team_games_in_window"":82,""start_source"":""core affiliation + no in-season acquisition event"",""end_source"":""core affiliation + no in-season departure event"",""confidence"":""high"",""same_day_resolution"":""not_applicable_no_transaction_boundary"",""audit_flags"":[]}]"
82,0,0022300005|0022300025|0022300051|0022300060|0022300062|0022300087|0022300096|0022300108|0022300126|0022300142|0022300145|0022300169|0022300176|0022300186|0022300201|0022300207|0022300224|0022300236|0022300273|0022300280|0022300308|0022300325|0022300339|0022300348|0022300362|0022300386|0022300399|0022300402|0022300426|0022300444|0022300463|0022300478|0022300490|0022300504|0022300525|0022300536|0022300545|0022300560|0022300576|0022300589|0022300626|0022300632|0022300650|0022300673|0022300693|0022300699|0022300717|0022300727|0022300733|0022300757|0022300769|0022300789|0022300802|0022300811|0022300824|0022300834|0022300852|0022300860|0022300872|0022300899|0022300907|0022300921|0022300936|0022300952|0022300973|0022300988|0022301001|0022301016|0022301031|0022301044|0022301049|0022301062|0022301085|0022301097|0022301113|0022301142|0022301155|0022301169|0022301182|0022301198|0022301214|0022301222,73,1,1630541,BLOCKED_VALIDATION,schedule_audited_tenure_identity,82,2023-24,EXACT_RETAINED_SCHEDULE_AUDITED_TENURE_IDENTITY,1610612744,"[{""tenure_start"":""2023-10-24"",""tenure_end"":""2024-04-14"",""team_games_in_window"":82,""start_source"":""core affiliation + no in-season acquisition event"",""end_source"":""core affiliation + no in-season departure event"",""confidence"":""high"",""same_day_resolution"":""not_applicable_no_transaction_boundary"",""audit_flags"":[]}]"
82,0,0022300005|0022300025|0022300051|0022300060|0022300062|0022300087|0022300096|0022300108|0022300126|0022300142|0022300145|0022300169|0022300176|0022300186|0022300201|0022300207|0022300224|0022300236|0022300273|0022300280|0022300308|0022300325|0022300339|0022300348|0022300362|0022300386|0022300399|0022300402|0022300426|0022300444|0022300463|0022300478|0022300490|0022300504|0022300525|0022300536|0022300545|0022300560|0022300576|0022300589|0022300626|0022300632|0022300650|0022300673|0022300693|0022300699|0022300717|0022300727|0022300733|0022300757|0022300769|0022300789|0022300802|0022300811|0022300824|0022300834|0022300852|0022300860|0022300872|0022300899|0022300907|0022300921|0022300936|0022300952|0022300973|0022300988|0022301001|0022301016|0022301031|0022301044|0022301049|0022301062|0022301085|0022301097|0022301113|0022301142|0022301155|0022301169|0022301182|0022301198|0022301214|0022301222,79,1,202691,BLOCKED_VALIDATION,schedule_audited_tenure_identity,82,2023-24,EXACT_RETAINED_SCHEDULE_AUDITED_TENURE_IDENTITY,1610612744,"[{""tenure_start"":""2023-10-24"",""tenure_end"":""2024-04-14"",""team_games_in_window"":82,""start_source"":""core affiliation + no in-season acquisition event"",""end_source"":""core affiliation + no in-season departure event"",""confidence"":""high"",""same_day_resolution"":""not_applicable_no_transaction_boundary"",""audit_flags"":[]}]"
82,0,0022300013|0022300021|0022300032|0022300051|0022300073|0022300083|0022300099|0022300113|0022300131|0022300141|0022300146|0022300161|0022300184|0022300206|0022300223|0022300235|0022300252|0022300272|0022300278|0022300298|0022300316|0022300331|0022300345|0022300361|0022300376|0022300398|0022300412|0022300427|0022300437|0022300448|0022300460|0022300477|0022300497|0022300519|0022300541|0022300548|0022300559|0022300571|0022300584|0022300594|0022300608|0022300622|0022300641|0022300649|0022300665|0022300681|0022300696|0022300703|0022300730|0022300734|0022300750|0022300764|0022300785|0022300803|0022300813|0022300825|0022300838|0022300853|0022300877|0022300891|0022300908|0022300921|0022300936|0022300942|0022300965|0022300981|0022300994|0022301015|0022301025|0022301039|0022301058|0022301070|0022301085|0022301099|0022301123|0022301140|0022301151|0022301163|0022301180|0022301197|0022301210|0022301223,69,1,1628380,BLOCKED_VALIDATION,schedule_audited_tenure_identity,82,2023-24,EXACT_RETAINED_SCHEDULE_AUDITED_TENURE_IDENTITY,1610612759,"[{""tenure_start"":""2023-10-24"",""tenure_end"":""2024-04-14"",""team_games_in_window"":82,""start_source"":""core affiliation + no in-season acquisition event"",""end_source"":""core affiliation + no in-season departure event"",""confidence"":""high"",""same_day_resolution"":""not_applicable_no_transaction_boundary"",""audit_flags"":[]}]"
82,0,0022300013|0022300021|0022300032|0022300051|0022300073|0022300083|0022300099|0022300113|0022300131|0022300141|0022300146|0022300161|0022300184|0022300206|0022300223|0022300235|0022300252|0022300272|0022300278|0022300298|0022300316|0022300331|0022300345|0022300361|0022300376|0022300398|0022300412|0022300427|0022300437|0022300448|0022300460|0022300477|0022300497|0022300519|0022300541|0022300548|0022300559|0022300571|0022300584|0022300594|0022300608|0022300622|0022300641|0022300649|0022300665|0022300681|0022300696|0022300703|0022300730|0022300734|0022300750|0022300764|0022300785|0022300803|0022300813|0022300825|0022300838|0022300853|0022300877|0022300891|0022300908|0022300921|0022300936|0022300942|0022300965|0022300981|0022300994|0022301015|0022301025|0022301039|0022301058|0022301070|0022301085|0022301099|0022301123|0022301140|0022301151|0022301163|0022301180|0022301197|0022301210|0022301223,78,1,1630200,BLOCKED_VALIDATION,schedule_audited_tenure_identity,82,2023-24,EXACT_RETAINED_SCHEDULE_AUDITED_TENURE_IDENTITY,1610612759,"[{""tenure_start"":""2023-10-24"",""tenure_end"":""2024-04-14"",""team_games_in_window"":82,""start_source"":""core affiliation + no in-season acquisition event"",""end_source"":""core affiliation + no in-season departure event"",""confidence"":""high"",""same_day_resolution"":""not_applicable_no_transaction_boundary"",""audit_flags"":[]}]"
82,0,0022400015|0022400025|0022400038|0022400057|0022400074|0022400094|0022400109|0022400125|0022400130|0022400146|0022400168|0022400173|0022400183|0022400197|0022400216|0022400224|0022400232|0022400262|0022400269|0022400296|0022400313|0022400331|0022400337|0022400354|0022400370|0022400386|0022400394|0022400405|0022400421|0022400441|0022400451|0022400475|0022400484|0022400498|0022400516|0022400537|0022400552|0022400567|0022400582|0022400592|0022400621|0022400633|0022400671|0022400684|0022400693|0022400703|0022400719|0022400734|0022400743|0022400757|0022400769|0022400795|0022400802|0022400818|0022400833|0022400844|0022400863|0022400871|0022400888|0022400910|0022400925|0022400937|0022400951|0022400964|0022400973|0022400988|0022401003|0022401018|0022401033|0022401046|0022401059|0022401080|0022401086|0022401110|0022401124|0022401139|0022401155|0022401163|0022401182|0022401197|0022401215|0022401218,53,1,1631110,BLOCKED_VALIDATION,schedule_audited_tenure_identity,82,2024-25,EXACT_RETAINED_SCHEDULE_AUDITED_TENURE_IDENTITY,1610612759,"[{""tenure_start"":""2024-10-22"",""tenure_end"":""2025-04-13"",""team_games_in_window"":82,""start_source"":""core affiliation + no in-season acquisition event"",""end_source"":""core affiliation + no in-season departure event"",""confidence"":""high"",""same_day_resolution"":""not_applicable_no_transaction_boundary"",""audit_flags"":[]}]"
82,0,0022400015|0022400025|0022400038|0022400057|0022400074|0022400094|0022400109|0022400125|0022400130|0022400146|0022400168|0022400173|0022400183|0022400197|0022400216|0022400224|0022400232|0022400262|0022400269|0022400296|0022400313|0022400331|0022400337|0022400354|0022400370|0022400386|0022400394|0022400405|0022400421|0022400441|0022400451|0022400475|0022400484|0022400498|0022400516|0022400537|0022400552|0022400567|0022400582|0022400592|0022400621|0022400633|0022400671|0022400684|0022400693|0022400703|0022400719|0022400734|0022400743|0022400757|0022400769|0022400795|0022400802|0022400818|0022400833|0022400844|0022400863|0022400871|0022400888|0022400910|0022400925|0022400937|0022400951|0022400964|0022400973|0022400988|0022401003|0022401018|0022401033|0022401046|0022401059|0022401080|0022401086|0022401110|0022401124|0022401139|0022401155|0022401163|0022401182|0022401197|0022401215|0022401218,80,1,203084,BLOCKED_VALIDATION,schedule_audited_tenure_identity,82,2024-25,EXACT_RETAINED_SCHEDULE_AUDITED_TENURE_IDENTITY,1610612759,"[{""tenure_start"":""2024-10-22"",""tenure_end"":""2025-04-13"",""team_games_in_window"":82,""start_source"":""core affiliation + no in-season acquisition event"",""end_source"":""core affiliation + no in-season departure event"",""confidence"":""high"",""same_day_resolution"":""not_applicable_no_transaction_boundary"",""audit_flags"":[]}]"
